PaymentID,OrderID,PaymentDate,PaymentMethod,Amount,PaymentStatus,TransactionID,Currency,ExchangeRate,PaymentGateway,CardType,CardLast4
PM4000,O2474,20-12-2024,PayPal,1889.52,Failed,1e578cc2-0f7c-4730-ab13-5e29ba5d1fa1,AUD,1.04,Square,AmEx,2521
PM4001,O2340,21-09-2024,Net Banking,516.62,Success,e1ef9c6f-2be0-49c4-8271-867e12d49e3e,AUD,0.95,Square,Visa,5391
PM4002,O2244,22-11-2024,PayPal,1893.59,Failed,e6eba40b-e52b-4790-abcc-c0ee9bde60b3,EUR,1.14,Square,MasterCard,4716
PM4003,O2480,13-05-2024,Debit Card,422.39,Success,856bba21-9dc3-4c15-8231-e8b64920822d,AUD,1.16,Razorpay,Visa,7131
PM4004,O2129,15-04-2024,Credit Card,500.87,Failed,edcf38d0-70eb-43ed-9da3-3d43c6386ea1,INR,0.79,Square,MasterCard,1117
PM4005,O2402,13-09-2024,PayPal,1134.62,Failed,564eebd7-48ab-4583-839a-bb369db9cd47,EUR,0.8,Stripe,Visa,9309
PM4006,O2023,13-11-2024,Debit Card,49.11,Success,4ba81440-e440-4657-a56e-a80875982ee1,INR,1.01,PayPal,AmEx,2106
PM4007,O2526,21-07-2024,UPI,1304.43,Success,d14d232b-7c62-40f3-a02d-7eb111d16eb0,INR,0.85,Stripe,Visa,4908
PM4008,O2323,05-04-2024,Net Banking,33.59,Success,182d56f2-2180-4bf7-adf9-97bcee49b248,EUR,1.19,Stripe,AmEx,1817
PM4009,O2379,15-09-2024,UPI,1009.25,Success,dbddf892-6037-441c-a291-b364571a8e13,AUD,0.6,Square,AmEx,9707
PM4010,O2158,02-08-2024,Credit Card,1898.13,Failed,db394aa4-0590-4831-b5f9-073eb6307575,EUR,0.7,Square,AmEx,9779
PM4011,O2014,22-09-2024,Debit Card,1825.62,Failed,f80b4e75-276f-421d-be9e-0b3112328432,AUD,1.21,PayPal,MasterCard,1207
PM4012,O2160,22-08-2024,Net Banking,50.05,Failed,148dbd60-ba97-40fc-95e0-91baa279e77a,EUR,1.24,Razorpay,Visa,7237
PM4013,O2124,04-04-2024,UPI,280.61,Failed,8adb465b-2a4e-483d-a49b-e2e34113cd28,INR,0.56,Square,AmEx,9013
PM4014,O2462,25-05-2024,UPI,978.74,Success,deb6a4c1-6582-4a22-beba-60aed294b19d,INR,1.45,Square,MasterCard,9424
PM4015,O2150,28-10-2024,Debit Card,254.12,Success,22884710-4e89-4bb5-89d7-6ec2b8874bf8,INR,0.77,Square,AmEx,4477
PM4016,O2032,07-02-2024,Credit Card,1847.3,Failed,0baa9005-c982-491a-8225-78f09b9f18cd,GBP,0.51,PayPal,MasterCard,4866
PM4017,O2476,27-05-2024,Credit Card,830.4,Failed,20ecf12d-ad09-4e77-8ed5-ed6cd61d5783,GBP,0.92,Stripe,Visa,7974
PM4018,O2584,02-04-2024,Debit Card,1530.58,Success,e0bf4a92-7219-4d70-b0b3-dab575f77ba0,INR,1.47,PayPal,AmEx,9163
PM4019,O2505,29-08-2024,PayPal,1262.76,Failed,a7facb2d-76d0-420d-975f-c8c7c6abfb0a,EUR,0.56,Stripe,MasterCard,6006
PM4020,O2179,12-11-2024,Net Banking,432.68,Success,9756a139-a1a7-462f-8d2d-3b4ea30aa4ec,INR,0.93,Razorpay,AmEx,9884
PM4021,O2177,27-06-2024,UPI,1166.88,Success,aea8cccb-c8b8-4048-85f2-ad98c191750c,GBP,0.72,PayPal,AmEx,8812
PM4022,O2463,30-11-2024,UPI,817.14,Failed,a33cded2-afb1-4fcf-bb9e-5643fd6a24f4,EUR,1.15,Razorpay,MasterCard,6156
PM4023,O2351,16-06-2024,UPI,1290.99,Failed,29ed83bf-5db9-4d87-b42a-f5c863c072ab,USD,1.24,PayPal,Visa,6103
PM4024,O2485,12-10-2024,Debit Card,1279.02,Success,e3d4b6ae-9430-41b8-9099-bbe72a8864b5,USD,1.18,Square,Visa,4772
PM4025,O2001,11-06-2024,PayPal,44.71,Success,4999f5c5-de34-4ac1-8060-47070347e652,EUR,1.37,PayPal,Visa,9191
PM4026,O2384,27-05-2024,Debit Card,799.84,Failed,e98d6e75-4201-4aac-a9a1-eba763e43bfe,GBP,0.64,Square,Visa,6050
PM4027,O2466,22-01-2024,Net Banking,1275.43,Failed,80bfc4cb-bfde-4313-a42e-c103d25fd55e,EUR,0.89,Square,MasterCard,6213
PM4028,O2134,13-05-2024,PayPal,1054.51,Failed,4b81b461-40c7-4d76-8601-d9c48cb32d2e,AUD,0.76,Stripe,MasterCard,1707
PM4029,O2039,23-07-2024,PayPal,1126.56,Success,fe20ecbc-5b58-4217-909d-22cd926d0fb8,EUR,0.7,Square,MasterCard,5385
PM4030,O2293,18-11-2024,Debit Card,153.18,Failed,141d9e7a-11e7-4e19-b01a-8d22d9028dd9,AUD,0.97,Stripe,Visa,2072
PM4031,O2261,16-09-2024,Credit Card,304.38,Failed,63510eea-1fc5-4b1c-86a6-8662ceac98fa,GBP,0.59,Razorpay,Visa,2302
PM4032,O2064,24-07-2024,PayPal,107.27,Failed,e0e6dc26-2b10-4cd8-93d2-6d5fd592ea27,INR,0.66,PayPal,MasterCard,4561
PM4033,O2080,10-02-2024,Net Banking,1289.8,Failed,5b6c6da1-1b53-4b07-acbb-17b141be66b0,GBP,0.7,Razorpay,Visa,9615
PM4034,O2336,26-09-2024,Credit Card,1463.46,Failed,59926c5f-0140-4055-bfd0-98313ba63351,USD,1.14,Razorpay,AmEx,6897
PM4035,O2493,10-12-2024,PayPal,1267.41,Failed,dbec95ed-49de-4097-8c6b-7230deda2848,USD,1.07,PayPal,AmEx,7897
PM4036,O2280,12-09-2024,Debit Card,1945.12,Failed,97158e40-dad3-42bb-8be4-f7dd4e1df1dc,EUR,1.45,Razorpay,Visa,6756
PM4037,O2291,23-03-2024,Net Banking,1746.37,Success,3483810a-b986-479e-8f26-872c565bcaaf,EUR,0.67,Square,AmEx,4629
PM4038,O2546,17-07-2024,PayPal,199.34,Failed,6b54fca6-0ead-4bc6-b687-b8e670b00e83,GBP,1.26,Razorpay,Visa,6781
PM4039,O2286,20-10-2024,Net Banking,330.89,Success,618fb093-d249-42a8-8700-aca4c853d738,EUR,0.69,Razorpay,Visa,8647
PM4040,O2325,05-01-2025,Debit Card,1983.64,Success,248011ff-5b8f-4907-8af0-d7592e169481,INR,0.88,Razorpay,AmEx,7590
PM4041,O2260,26-02-2024,UPI,826.93,Success,c9d804ee-28c6-457d-a1f5-ff663abdc678,GBP,1.09,Square,AmEx,2670
PM4042,O2212,25-04-2024,PayPal,846.18,Success,f0a1de9e-8ec0-4a5c-b9bc-527385d3099f,EUR,1.28,Stripe,Visa,7029
PM4043,O2137,11-12-2024,Credit Card,909.51,Failed,5781d30f-9267-40ef-8d3c-14fdfd219c66,AUD,1.38,Stripe,AmEx,5234
PM4044,O2341,18-07-2024,PayPal,1893.08,Success,c2ed172e-d09f-412e-8a60-513b7293b0b7,GBP,1.34,Stripe,MasterCard,9151
PM4045,O2485,05-12-2024,Debit Card,1360.34,Success,e4f798f8-90a1-441e-8a27-d81b78864ac3,EUR,1.29,Razorpay,MasterCard,3831
PM4046,O2193,23-10-2024,Net Banking,150.07,Failed,71d3aba3-6bed-4ef0-9c42-ddbbb45a61ab,AUD,1.01,Razorpay,AmEx,8820
PM4047,O2407,05-12-2024,Net Banking,262.74,Success,2ff4afc9-bb06-45eb-9745-d11abad8e4d3,EUR,1.43,PayPal,MasterCard,6104
PM4048,O2370,01-03-2024,Net Banking,1745.2,Failed,ed8c4ff6-6b20-4d44-b448-ce2e6189701d,USD,0.79,Stripe,MasterCard,6510
PM4049,O2048,10-05-2024,Debit Card,1796.04,Failed,9f27b7bd-40d0-4077-ad30-6bf03395934e,EUR,0.76,Razorpay,Visa,2345
PM4050,O2536,24-12-2024,Net Banking,239.66,Success,1a24736b-1ecb-4529-ae7c-6f437dd503a5,GBP,1.3,Razorpay,AmEx,3559
PM4051,O2151,16-05-2024,UPI,1483.39,Success,66037b31-73a3-4d79-b64f-2ba364695ef3,AUD,1.22,Stripe,MasterCard,6730
PM4052,O2338,16-12-2024,UPI,495.64,Success,2a98d92c-a53d-4189-8d9a-75e708e47466,INR,0.59,PayPal,AmEx,9643
PM4053,O2458,02-03-2024,Debit Card,468.2,Success,c25c8bb6-b554-45c6-bcf7-9ceb5ae44e7c,AUD,0.63,Stripe,AmEx,7183
PM4054,O2453,16-09-2024,Net Banking,839.2,Failed,7ef4e95a-2d36-462d-974a-a1ca7e9b103b,INR,1.38,Square,Visa,7154
PM4055,O2407,27-08-2024,Debit Card,1910.15,Success,9e36bdb6-5137-4c2c-9d76-a272180e7ad6,INR,1.29,PayPal,AmEx,8849
PM4056,O2462,22-07-2024,Debit Card,962.53,Success,316079ca-eeb8-483b-a735-e5e020a6d822,INR,0.91,Stripe,Visa,7281
PM4057,O2348,10-09-2024,Net Banking,475.47,Failed,f291b753-3085-4cf7-88d9-ab1e9afd80fe,AUD,1.5,PayPal,AmEx,8622
PM4058,O2182,04-10-2024,Net Banking,1205.19,Failed,7fa04ee3-b328-4bd3-9965-79e169390dba,USD,1,PayPal,Visa,3407
PM4059,O2363,02-03-2024,UPI,1250.59,Failed,84daf074-f95e-4feb-9e53-0d2337dc77fa,AUD,0.88,PayPal,AmEx,7971
PM4060,O2566,22-01-2024,Credit Card,1216.35,Failed,5d4cdc69-4650-4493-9d63-5ac6138b2caa,INR,0.96,Stripe,Visa,4251
PM4061,O2516,15-08-2024,UPI,757.44,Success,2e42d9d7-8f5f-4989-aed3-f1e3953ad585,USD,1.49,Stripe,MasterCard,2879
PM4062,O2468,15-06-2024,PayPal,1000.26,Failed,37db4cba-5c27-4ccb-8a3a-3a2bfe17e1df,INR,0.94,Square,Visa,4584
PM4063,O2394,13-06-2024,Net Banking,656.37,Success,b81f744c-4834-417f-a41f-a929aea6da55,AUD,1.09,Razorpay,AmEx,4283
PM4064,O2302,18-12-2024,UPI,854.49,Success,47238a71-b2a7-4b6e-8200-75c801135614,USD,0.51,Razorpay,Visa,5738
PM4065,O2202,14-07-2024,UPI,296.08,Failed,daf8fe34-fb63-49c6-9cee-fcc244d3c2fe,GBP,1.03,PayPal,AmEx,2717
PM4066,O2296,24-02-2024,PayPal,1972.43,Failed,0c75bfa8-cc34-4a96-b110-9bd25125db8b,INR,1.08,Square,MasterCard,2888
PM4067,O2575,04-02-2024,Debit Card,1424.02,Success,11630745-3d0e-4c86-96fc-b8f8193ec244,USD,0.88,Stripe,Visa,3170
PM4068,O2216,02-01-2025,Debit Card,1499.71,Failed,cf95633f-2e2f-4e03-a9ee-c8f81d69803e,EUR,0.51,Stripe,Visa,5251
PM4069,O2092,27-04-2024,Debit Card,1585.56,Failed,79281ef5-a880-441a-8fc4-971b35f0d888,AUD,1.41,Razorpay,MasterCard,8697
PM4070,O2495,19-07-2024,Credit Card,1032.94,Failed,c832a00a-2f0e-4c62-bbaa-bc4022bb13f3,AUD,0.78,Razorpay,AmEx,5224
PM4071,O2474,01-03-2024,UPI,1881.71,Success,eae9d3f3-19be-4289-8720-76bdc9b97950,AUD,0.74,Stripe,AmEx,6156
PM4072,O2136,29-12-2024,Net Banking,1324.7,Success,df4dbeed-f321-4879-b040-fdbe649d4405,INR,0.74,PayPal,AmEx,3570
PM4073,O2211,04-09-2024,Credit Card,497.47,Success,7e944ecf-e52c-4ac2-9d2c-e2ad068186d5,USD,0.52,PayPal,MasterCard,4273
PM4074,O2305,27-02-2024,PayPal,926.47,Success,73f04d7a-d9e4-4006-8ab5-8b69fc8d675b,EUR,1.27,Razorpay,AmEx,2155
PM4075,O2242,12-02-2024,Net Banking,32.74,Success,9526ccd6-bb6a-4563-bac7-78aa40f5b596,USD,1.04,Stripe,AmEx,4621
PM4076,O2489,29-08-2024,Credit Card,1560.99,Success,65ef24f3-f129-4b4f-aa8f-c72cdae32ada,INR,0.98,Stripe,MasterCard,9823
PM4077,O2222,13-07-2024,PayPal,135.51,Failed,d43ca8c2-5e91-4220-bb74-28486fdbfcb0,AUD,0.63,Stripe,Visa,6096
PM4078,O2529,25-04-2024,Credit Card,1627.37,Failed,6f6ac3ee-66fe-45e7-8595-649e994327a2,GBP,1.1,PayPal,MasterCard,2946
PM4079,O2200,08-12-2024,Credit Card,1749.03,Success,aad75cd8-d33a-4f72-8be5-243d3de35ba0,INR,1.22,Square,AmEx,2880
PM4080,O2398,18-01-2024,Net Banking,1096.31,Success,a49b6d79-9b1a-4d3a-a907-3727dea516c3,INR,1.2,Stripe,Visa,1182
PM4081,O2256,22-03-2024,Net Banking,1491.03,Success,bd569b92-ab46-41d5-a644-97cf46b5dbf3,GBP,0.57,Square,MasterCard,4219
PM4082,O2029,19-07-2024,Credit Card,1260.88,Failed,6c2a62d3-ffcd-4a68-b48b-faab0afd29e4,INR,1.46,Square,AmEx,6288
PM4083,O2152,22-04-2024,PayPal,1650.14,Success,bbc861da-2866-42f8-bf5e-478608ec398d,EUR,1.21,Square,Visa,4607
PM4084,O2107,28-02-2024,Debit Card,1797.51,Failed,41e43e22-cdf1-4db2-8741-72565fbbbe0c,INR,1.41,Square,AmEx,2329
PM4085,O2235,20-09-2024,Credit Card,1100.67,Failed,972ad42c-982b-424a-ba75-f01b80b5cab4,USD,0.87,Stripe,MasterCard,4255
PM4086,O2429,15-07-2024,Debit Card,1689.06,Failed,da8eb6ac-9cee-46ee-a99b-1c421e78e436,AUD,0.99,Square,Visa,9009
PM4087,O2164,07-03-2024,UPI,776.1,Failed,8e9788ea-9a7d-42c8-b7fe-f4a806fa46f0,GBP,0.9,Square,AmEx,8791
PM4088,O2047,10-02-2024,Net Banking,205.69,Failed,adc23c6b-ec72-4366-8416-be7cf1f770b8,GBP,1.15,PayPal,Visa,2753
PM4089,O2159,24-10-2024,Debit Card,1149.62,Failed,6ae4a158-3842-4b7a-b012-d090abc21a57,USD,1.43,Stripe,AmEx,9863
PM4090,O2363,27-01-2024,Debit Card,796.58,Success,46454930-70ec-4588-b5d3-81599c6b56d9,EUR,1.27,Stripe,MasterCard,1406
PM4091,O2425,14-11-2024,UPI,1898.61,Failed,f725eb71-97c1-4ca0-8bec-b2fe8c5f53a9,INR,0.92,Razorpay,MasterCard,7205
PM4092,O2389,24-04-2024,UPI,1906.48,Success,8cc99051-699d-453c-a129-5d70a0509760,AUD,1.15,Stripe,AmEx,2862
PM4093,O2438,14-06-2024,UPI,700.8,Success,c9995baf-1d42-4525-88c1-e5bf6deae6f6,GBP,1.4,PayPal,AmEx,3965
PM4094,O2083,20-06-2024,PayPal,1201.85,Success,3968d3c2-01c8-4481-8047-a6087c4358b6,USD,0.86,Stripe,AmEx,9384
PM4095,O2054,30-11-2024,PayPal,1232.09,Failed,307d355f-0b04-42d8-bbb5-e0c8d6ce6b20,AUD,0.66,Stripe,Visa,5402
PM4096,O2104,03-06-2024,PayPal,1330.92,Failed,1a5c4129-1072-4704-a50e-7ee56e07c234,INR,0.69,PayPal,MasterCard,8240
PM4097,O2212,31-01-2024,Net Banking,378.11,Success,8b5237e9-35c7-42b1-8c9d-21b945b4b790,EUR,0.84,Square,MasterCard,4298
PM4098,O2517,09-03-2024,UPI,756.43,Success,4d229782-8877-404f-a69a-255fd36dbe35,AUD,1.18,Stripe,AmEx,5520
PM4099,O2138,17-06-2024,Debit Card,398.71,Failed,a205aef5-9538-43e2-881c-805073e55450,EUR,1.05,Square,AmEx,7963
PM4100,O2347,25-09-2024,Debit Card,1930.34,Failed,6c033278-179a-4c94-a692-1ac7a6ee099d,INR,0.61,PayPal,AmEx,1938
PM4101,O2180,08-08-2024,Credit Card,1159.41,Success,91c69d6d-c7c1-48f9-ba31-63bd6187eed1,INR,0.76,PayPal,MasterCard,2870
PM4102,O2047,02-06-2024,Credit Card,937.19,Failed,1375e2eb-8d7a-4e49-a892-d85c173bf958,AUD,1.1,PayPal,MasterCard,2535
PM4103,O2176,20-03-2024,Debit Card,1435.49,Success,1c09acf9-d069-41a8-b179-3f2ddc94bafe,INR,1.15,Square,MasterCard,4085
PM4104,O2212,15-08-2024,UPI,1252.22,Failed,edfb6504-c3c2-4ef8-8ba7-6ab21a546d55,USD,1.25,Razorpay,AmEx,5045
PM4105,O2218,23-05-2024,PayPal,469.85,Success,71ca868f-d2ef-4698-9b05-d3ca587ef058,INR,0.53,Square,Visa,9225
PM4106,O2145,08-04-2024,Debit Card,1276.83,Failed,396e6e7d-0414-4c46-8597-1e00acea2753,EUR,0.5,Razorpay,MasterCard,6419
PM4107,O2228,12-10-2024,Debit Card,1347.51,Success,ea0e23e4-3e4e-4b85-9dda-adf83f9972f5,EUR,0.92,Stripe,AmEx,2822
PM4108,O2078,07-11-2024,UPI,418.99,Success,5ddd648d-3a14-47d2-8f98-0b5afc934370,USD,0.82,Square,Visa,7519
PM4109,O2525,01-01-2025,PayPal,1893.08,Success,cf7ad302-402a-4670-b602-478199738161,GBP,0.77,Razorpay,AmEx,5636
PM4110,O2190,18-11-2024,Net Banking,512.37,Failed,62e5e428-ad24-44ad-a02d-c69eca3c6fc2,INR,0.73,PayPal,Visa,9414
PM4111,O2409,04-07-2024,Debit Card,260.24,Failed,37517a69-3108-421f-927d-d7e6ebd02f6f,USD,0.89,Square,AmEx,6773
PM4112,O2018,13-05-2024,Net Banking,1947.3,Failed,8230abe0-6964-4531-8be3-c7080d6e513a,INR,0.75,Stripe,Visa,1587
PM4113,O2298,11-04-2024,Debit Card,303.79,Failed,fd871700-3f6b-4c8a-91b7-79de68d29ef8,USD,1.19,Stripe,MasterCard,9700
PM4114,O2527,30-10-2024,UPI,620.17,Failed,1818d417-eab5-4e42-b995-59d651b1f3d9,AUD,0.93,Stripe,AmEx,5810
PM4115,O2014,05-09-2024,Net Banking,1502.48,Success,de8752f0-8ac2-4409-bbd2-a1c0f9f3abd5,INR,0.68,Razorpay,Visa,1587
PM4116,O2184,07-05-2024,PayPal,1202.42,Failed,d0ff1f41-11d5-40c0-ad42-af3b45c0cb05,AUD,1.32,Razorpay,MasterCard,8193
PM4117,O2460,17-03-2024,PayPal,801.72,Failed,7f386f49-53cf-4170-97f6-dae5d8a0205a,GBP,0.81,PayPal,Visa,8512
PM4118,O2445,16-10-2024,Credit Card,1754.79,Success,c6f8a797-ec26-4f52-abcb-44a8e09ac7d8,USD,1.2,Razorpay,MasterCard,2755
PM4119,O2282,14-11-2024,UPI,1598.99,Success,1e40d20e-f46b-48ab-8506-f03b64269e15,AUD,1.27,Square,Visa,3039
PM4120,O2549,25-01-2024,Debit Card,1353.89,Success,4caf3adf-cc55-4be9-80d6-2161768d783c,INR,1.23,Razorpay,MasterCard,8974
PM4121,O2460,20-02-2024,PayPal,1595.36,Failed,944c0163-9f27-409e-8852-d635ac3cab47,AUD,1.23,Stripe,Visa,7802
PM4122,O2438,02-07-2024,Debit Card,1038.95,Success,e34aeff9-346e-47cb-a7af-ce8e1e0c4ff4,GBP,1.16,Razorpay,MasterCard,9966
PM4123,O2091,07-08-2024,Net Banking,1280.36,Failed,ad395b52-e0a3-4f8c-8161-39d64278376d,USD,0.83,Square,MasterCard,5638
PM4124,O2315,28-05-2024,UPI,1329.88,Success,a546e628-c5a2-4469-956f-5aa109f6a30d,AUD,0.88,PayPal,AmEx,7561
PM4125,O2425,20-03-2024,Debit Card,156.5,Success,7c621a00-a7c6-43d0-b961-67bcc5cc7e50,GBP,1.36,Square,Visa,8636
PM4126,O2445,27-05-2024,Credit Card,918.4,Success,eca1e93e-bb1c-4e6f-90fa-73906cc98f65,USD,0.84,Square,AmEx,5778
PM4127,O2068,11-07-2024,Net Banking,1392.56,Failed,a5331bb1-20bd-45a8-a970-520ddb5fe7bc,GBP,0.61,Stripe,MasterCard,9220
PM4128,O2199,17-01-2024,Debit Card,215.57,Success,5e117b70-ff94-40a6-bf5f-ef46ae2a6789,INR,0.64,Razorpay,Visa,8131
PM4129,O2501,23-02-2024,Debit Card,1916.28,Failed,ada7f090-bc3d-49e1-933c-f6d3f290b8d3,EUR,1.12,Square,Visa,3751
PM4130,O2194,20-05-2024,PayPal,1498.63,Failed,e22212d2-f845-4648-a8fe-bde520242656,GBP,0.88,Square,AmEx,3348
PM4131,O2069,02-07-2024,Credit Card,1154.09,Failed,c54323a0-6219-4bc5-89e1-b36331877f20,AUD,1.13,PayPal,MasterCard,4665
PM4132,O2514,07-01-2025,Debit Card,1235.15,Failed,f56f6f7b-6521-441c-b2f1-54e805ff5d07,EUR,0.7,PayPal,AmEx,4236
PM4133,O2385,11-05-2024,Credit Card,1271.71,Success,2b1b9b0a-34dd-41f9-90e5-08fa80cc8d60,AUD,0.64,Razorpay,MasterCard,2328
PM4134,O2162,06-09-2024,UPI,578.35,Success,188f35d3-520b-4490-a93f-5acfd4b667f0,GBP,0.87,PayPal,Visa,6756
PM4135,O2017,08-07-2024,Net Banking,1384.8,Failed,dbc678d0-c9b2-4b85-9139-5bea0ec9c690,GBP,0.94,Square,AmEx,3943
PM4136,O2060,04-04-2024,UPI,1094.3,Failed,3e6e91d4-989b-4175-bc36-f1c0c5a7c84f,EUR,0.64,PayPal,Visa,6202
PM4137,O2231,11-09-2024,UPI,186.87,Success,00bcfb6a-1587-46e6-b9c0-cefc1531101c,AUD,1.17,Square,AmEx,3471
PM4138,O2135,24-03-2024,Debit Card,1112.61,Success,56fba180-4063-4be6-9b8d-c8e68506da8b,GBP,0.6,Square,Visa,1917
PM4139,O2119,23-05-2024,PayPal,299.39,Failed,05e5b912-cfe5-4705-b509-765edf960065,GBP,0.95,Square,MasterCard,8669
PM4140,O2565,07-09-2024,UPI,1540.06,Failed,63763bd7-ae86-4c26-8712-e619890e0d43,AUD,0.76,Razorpay,Visa,5281
PM4141,O2274,30-12-2024,Net Banking,938.02,Failed,e864e637-4f64-4a3d-a16b-c1b49128730b,AUD,1.36,Stripe,MasterCard,6387
PM4142,O2265,27-01-2024,Credit Card,771.07,Success,085eb421-3b8e-4e03-9c9a-26137be7b569,EUR,0.67,Stripe,MasterCard,3705
PM4143,O2117,23-01-2024,PayPal,445.87,Failed,3f2393f0-454e-46e8-aa8f-4d9ecda742ef,EUR,0.84,Square,Visa,9788
PM4144,O2218,06-11-2024,PayPal,911.17,Failed,13970b7c-0122-4319-9359-6336c55082d7,INR,0.9,Stripe,AmEx,2935
PM4145,O2174,09-05-2024,PayPal,989.91,Failed,7c387e25-65bc-4726-a37d-6cbba3b48e96,INR,1.41,Square,AmEx,8579
PM4146,O2160,11-06-2024,PayPal,1586.71,Success,a4dd2071-3045-470f-a3c7-ba8babba9c7e,EUR,0.79,Stripe,MasterCard,6554
PM4147,O2398,21-01-2024,Net Banking,21.48,Success,35f24be5-7579-46e4-a09b-4eac8dd52b4f,GBP,1.39,Square,AmEx,5901
PM4148,O2101,06-11-2024,Credit Card,699.52,Success,7be1edd5-e289-4996-b47f-59111aa64fc0,AUD,0.9,Razorpay,AmEx,9912
PM4149,O2380,30-04-2024,UPI,977.45,Success,76e57418-17c0-4022-9fdc-79068693d4f1,USD,1.13,Stripe,AmEx,9700
PM4150,O2063,28-08-2024,UPI,1427.08,Success,e603ee59-41c2-437b-a197-751756f0e64d,GBP,1.18,PayPal,AmEx,1870
PM4151,O2348,02-01-2025,PayPal,1490.49,Failed,a2907577-52db-41f4-b32f-d3534f31b744,USD,0.9,Razorpay,MasterCard,4659
PM4152,O2504,27-01-2024,Net Banking,1944.48,Success,dc80066f-56b3-417b-9543-87b0777696f9,AUD,1.17,PayPal,AmEx,6114
PM4153,O2584,25-03-2024,PayPal,1477.08,Success,ad7395f7-7be4-4b5f-a722-a3766ccde1cb,AUD,1.29,PayPal,Visa,2764
PM4154,O2246,23-11-2024,UPI,605.85,Failed,31991d69-084e-4c58-83a4-f61e2d7cf5b6,EUR,1.34,PayPal,AmEx,5207
PM4155,O2212,23-06-2024,Net Banking,1569.1,Failed,e91972bd-7e45-4e83-be40-96544866aae2,INR,0.83,PayPal,Visa,5554
PM4156,O2577,20-12-2024,Credit Card,1712.15,Success,28ce6790-a94e-4905-b868-e648942c346a,USD,1.19,Razorpay,AmEx,9582
PM4157,O2375,03-08-2024,PayPal,890.61,Failed,d96e2780-3bce-45c8-99c8-16d703f2f06e,EUR,0.56,Stripe,MasterCard,2714
PM4158,O2038,25-08-2024,Net Banking,631.25,Success,050559ec-0735-4a49-b192-d6809c67cf2f,INR,1.05,Stripe,Visa,5279
PM4159,O2202,10-11-2024,Net Banking,1593.96,Success,09cbc9fe-17a9-47e8-9e8f-430f2d6bfcf6,USD,1,PayPal,Visa,4408
PM4160,O2346,13-05-2024,Net Banking,1124.51,Success,0caab5be-3591-4ac7-93cb-7b6b557aabf8,USD,0.9,Square,Visa,1855
PM4161,O2292,09-10-2024,Credit Card,1229.96,Failed,9adb98f2-8667-41c1-8027-3d959ffc4e4c,GBP,0.88,PayPal,MasterCard,7057
PM4162,O2226,30-08-2024,Debit Card,859.31,Failed,8bbe7fad-fbf1-4a9d-ad03-62491246ddf3,INR,0.52,Stripe,MasterCard,4072
PM4163,O2283,15-01-2024,UPI,1284.21,Failed,1e7c1fa8-135b-4605-84d7-8343c57a54af,AUD,0.54,Square,AmEx,5598
PM4164,O2217,20-01-2024,Debit Card,1880.38,Failed,d6068436-ea2c-47d0-80fb-70233ce38e1e,AUD,0.55,Stripe,AmEx,8883
PM4165,O2245,08-12-2024,Net Banking,1224.76,Failed,b2ca6efa-468f-4962-8899-59394fca9eae,EUR,1.02,PayPal,Visa,5659
PM4166,O2507,31-05-2024,Debit Card,1710.2,Failed,ec6fdec0-4e23-40a8-bded-e8eb15fcd25e,INR,1.32,PayPal,AmEx,2791
PM4167,O2479,30-11-2024,Debit Card,120.97,Success,f978607e-b0b2-400f-becf-a17db2000897,AUD,1.01,PayPal,MasterCard,3945
PM4168,O2366,02-06-2024,UPI,1662.48,Success,6bcb2a6c-7965-4505-a7f5-b4cc5ad59f2d,EUR,0.87,Square,Visa,1466
PM4169,O2342,13-05-2024,Credit Card,1889.87,Failed,61b4923d-687b-4f0d-b29a-331908a28633,GBP,0.71,Razorpay,MasterCard,6754
PM4170,O2178,08-08-2024,Net Banking,1037.62,Success,2b460bc8-3a75-464a-b57a-df2fc3efcf81,AUD,0.94,Square,MasterCard,5867
PM4171,O2143,30-03-2024,Debit Card,48.98,Success,8561f62d-2a32-43c4-8c86-06054789c5ca,GBP,0.84,PayPal,Visa,4086
PM4172,O2119,20-06-2024,Credit Card,1714.33,Success,35d76702-4493-44c2-a86a-e0d72dce043b,AUD,1.38,Square,MasterCard,3692
PM4173,O2542,12-11-2024,Credit Card,638.12,Failed,8e714689-6efe-49ca-9bdb-d8d075364a0a,GBP,0.6,Square,Visa,7581
PM4174,O2443,26-03-2024,Debit Card,723.66,Success,c245023f-07d2-456d-a421-3cb94e3b339a,GBP,0.75,PayPal,AmEx,6665
PM4175,O2475,10-12-2024,PayPal,710.9,Failed,8fd73e37-7f46-4918-ad78-6c99aadace64,USD,0.55,Stripe,AmEx,9705
PM4176,O2421,24-02-2024,UPI,342.37,Success,ad5db47c-1b7a-4836-86f4-27e60f837fd8,INR,0.59,PayPal,Visa,4633
PM4177,O2223,17-03-2024,Credit Card,463.12,Failed,4ee522ef-d54c-421e-b658-35d9bb2395a7,EUR,0.86,Razorpay,Visa,2806
PM4178,O2166,26-10-2024,Net Banking,1386.35,Success,5335881e-a560-462f-a400-d1cffd3ef63c,INR,0.99,Stripe,MasterCard,7274
PM4179,O2456,22-09-2024,Debit Card,212.11,Failed,8a7b17a6-a338-4f4e-be2f-b5265678b61a,USD,1.03,Razorpay,AmEx,9281
PM4180,O2078,30-05-2024,UPI,1068.55,Failed,6b129d7c-7d3a-49f6-9e29-323d4ab071cb,GBP,0.89,Square,MasterCard,1735
PM4181,O2420,25-04-2024,Net Banking,1227.86,Success,8d671c39-69da-4e1e-a534-bea3761a1433,INR,1.13,Square,Visa,7006
PM4182,O2219,04-08-2024,UPI,157.15,Success,cde1d2c2-5ff9-4d6d-ae62-c8e64ce8ebf9,USD,1.12,Square,AmEx,9469
PM4183,O2472,06-03-2024,UPI,839.36,Success,62539b37-d7e0-49d5-8ae7-682a4dc8cd91,GBP,1.09,Razorpay,AmEx,8566
PM4184,O2525,26-08-2024,Credit Card,1211.28,Success,e5d15d6f-98fb-47c3-869a-7e0b83d440cf,GBP,1.1,Stripe,MasterCard,6743
PM4185,O2161,15-10-2024,PayPal,1164.05,Success,dc007fb2-1734-4da3-b0b7-fc0799f68850,EUR,0.76,Square,MasterCard,3608
PM4186,O2266,22-07-2024,Debit Card,370.3,Failed,e3443766-4e96-48a2-ae44-504f4190e3ea,AUD,0.69,Razorpay,AmEx,4529
PM4187,O2119,21-02-2024,UPI,706.04,Success,20ac640b-be50-4618-b2ac-23c49f6d9324,AUD,1.2,Square,Visa,2599
PM4188,O2043,22-08-2024,PayPal,834.91,Success,e3d54a22-3fdd-4ac8-bcbc-3a62b2f2d1b2,GBP,1.49,Razorpay,MasterCard,7626
PM4189,O2167,12-09-2024,Credit Card,896.34,Failed,22a1d727-398f-4d7e-9d5e-502a22d41627,AUD,1.44,Razorpay,Visa,7053
PM4190,O2000,01-10-2024,Debit Card,415.91,Failed,6db3ee87-9d14-4754-a264-0d157d93d44c,AUD,1.31,Razorpay,AmEx,8530
PM4191,O2439,19-03-2024,Net Banking,1378.18,Success,073cd449-b68b-4f10-b754-74b77e457a4d,AUD,1.04,Razorpay,Visa,2143
PM4192,O2441,18-11-2024,Net Banking,1042.3,Success,b4bb829d-52d8-4b5c-b72a-1fe4c765a8a6,AUD,1.14,Stripe,AmEx,1313
PM4193,O2148,31-07-2024,PayPal,612.03,Failed,b8083bc5-9c5a-4285-9f30-ace98a24af76,USD,0.74,Square,AmEx,7046
PM4194,O2426,02-11-2024,PayPal,373.75,Success,b001b915-307a-48a2-85fa-e78fb7e5835f,EUR,1.07,Stripe,AmEx,2849
PM4195,O2480,24-10-2024,Net Banking,124.23,Failed,54a9f961-f0a2-406e-96ac-4c8181b10492,INR,0.97,PayPal,AmEx,3682
PM4196,O2556,14-12-2024,Debit Card,353.96,Failed,66981244-3155-48d8-80a1-22269cf782da,AUD,1.39,PayPal,Visa,4094
PM4197,O2141,09-08-2024,Credit Card,1332.16,Success,1123dfbc-8ca6-4f6f-977e-54fe778c5573,INR,1.17,Razorpay,AmEx,9858
PM4198,O2476,03-12-2024,Net Banking,1621.12,Success,ae161802-e2ee-4d07-9aa0-1ff3103503a4,USD,1.32,Razorpay,Visa,8783
PM4199,O2586,25-12-2024,PayPal,980.63,Failed,3f108c8b-eccf-47b2-8dff-196d3bef85de,EUR,0.56,PayPal,AmEx,1860
PM4200,O2328,27-01-2024,Net Banking,250.83,Failed,0e6c77a0-4de7-4c82-ad36-1b7b0f50f8b1,USD,1.07,PayPal,AmEx,9033
PM4201,O2228,27-01-2024,Net Banking,417.79,Success,2b2687ac-fafa-45cc-9f27-1103748cab0a,USD,0.8,PayPal,Visa,1484
PM4202,O2301,27-10-2024,PayPal,1579.66,Success,05623ef3-5e83-4de9-801a-748a3d863e90,EUR,0.54,Square,AmEx,5257
PM4203,O2059,07-12-2024,PayPal,250.34,Failed,6f569a10-d09d-4732-aeab-a0e82aaaaf3c,EUR,1.16,Razorpay,AmEx,9287
PM4204,O2242,13-10-2024,Credit Card,746.76,Failed,c8b9291b-4809-4b91-8547-a5648915a518,GBP,0.82,Stripe,Visa,1200
PM4205,O2019,30-12-2024,Credit Card,1052.34,Success,cad0a8c0-bfdf-49e0-8e89-8277d9558a4c,USD,0.97,PayPal,MasterCard,4398
PM4206,O2302,17-05-2024,PayPal,724.2,Failed,6763c4d4-e400-4799-a5d6-84633ec75e2e,GBP,1.26,Razorpay,AmEx,6802
PM4207,O2528,25-06-2024,UPI,837,Failed,0f06a9a6-d9be-4cae-98a7-89aa9fa330cb,GBP,0.88,Square,AmEx,1795
PM4208,O2296,26-08-2024,UPI,818.1,Failed,0037b60b-ec03-4adf-8626-21281b52ea4c,USD,0.75,Stripe,AmEx,6292
PM4209,O2025,14-01-2025,Debit Card,1573.16,Failed,ddb0da53-bd03-4e96-9847-0a4f6ae52432,AUD,1.3,Square,AmEx,9997
PM4210,O2328,26-07-2024,Net Banking,1705.36,Success,5d5317de-f9c7-4720-bd6a-d105cbbc3b14,INR,1.47,Stripe,AmEx,3530
PM4211,O2244,03-02-2024,Credit Card,925.64,Failed,74423867-7974-4e8f-a66f-3ba077eee05b,EUR,1.28,PayPal,AmEx,1955
PM4212,O2253,08-04-2024,Credit Card,1985.63,Failed,8a6ad09b-09c5-44c3-a52c-acd3fef1792e,GBP,0.94,PayPal,AmEx,8939
PM4213,O2045,23-06-2024,UPI,858.8,Success,b5ccfe52-9256-4444-90c6-f7c5e22e744d,GBP,1.47,PayPal,MasterCard,9799
PM4214,O2320,24-06-2024,UPI,1566.39,Failed,30152d3c-eb69-460d-bbf1-ef42becb0182,USD,0.99,Razorpay,AmEx,2749
PM4215,O2319,24-08-2024,PayPal,1494.38,Success,9cbb81ef-510f-4186-910f-121911546e2a,INR,1.14,Square,MasterCard,4449
PM4216,O2342,11-03-2024,UPI,729.85,Failed,da37e08e-4413-4395-90e8-a57b1a464c3b,EUR,1.47,Stripe,Visa,8992
PM4217,O2367,30-12-2024,UPI,1186.39,Success,c39e77b0-9562-4b2f-b5c9-727e51d26e4f,INR,0.94,Razorpay,Visa,8100
PM4218,O2455,15-06-2024,PayPal,146.46,Success,59071f94-d038-4ea5-8e96-ee9c8606e446,AUD,0.53,Razorpay,Visa,8231
PM4219,O2133,19-08-2024,UPI,733.75,Failed,9d67fd80-0a7b-4239-a09f-797f73e5bc67,INR,1.02,PayPal,MasterCard,5997
PM4220,O2189,08-09-2024,UPI,1095.19,Success,e1422013-f1f4-409f-add9-d38614cfe5e1,AUD,1.01,Square,MasterCard,4797
PM4221,O2185,24-01-2024,Credit Card,691.4,Failed,cf1a29fb-93a7-44d2-8cd7-9528731a7d67,GBP,1.25,Razorpay,MasterCard,5703
PM4222,O2582,12-12-2024,Net Banking,135.93,Failed,f5147de8-bef7-4eef-a344-9d54d2d394a9,INR,1.23,PayPal,Visa,5513
PM4223,O2309,13-11-2024,UPI,1385.65,Failed,7a0a756e-9343-45c5-a725-9a4bfc7702a7,EUR,1.32,Stripe,AmEx,9970
PM4224,O2569,21-02-2024,PayPal,1816.41,Success,3a2090ea-ec49-4c96-b39a-8748ed77195b,GBP,1.14,Razorpay,Visa,7868
PM4225,O2391,29-01-2024,Credit Card,162.67,Success,f368402f-c03a-4d0f-99f4-4bf5ca4fc557,AUD,0.87,Stripe,AmEx,6938
PM4226,O2579,13-11-2024,Credit Card,1510.23,Success,ebfbf8d2-0344-4202-9244-aa126808a921,GBP,1.04,Razorpay,MasterCard,3613
PM4227,O2540,19-02-2024,UPI,997.02,Success,790af932-4687-4115-85fc-b712fe704e5e,AUD,1.18,Stripe,AmEx,4743
PM4228,O2005,27-12-2024,PayPal,135.54,Failed,38246af2-99a8-4800-9bb6-71bd47ef3d88,INR,1.18,Square,MasterCard,3052
PM4229,O2421,04-09-2024,PayPal,450.57,Failed,e8f1080e-f2c5-46f3-8e2d-6fe9352a09bd,USD,1.26,Stripe,AmEx,6982
PM4230,O2171,19-09-2024,PayPal,747.27,Failed,7a9671ed-85e8-4d2c-8641-0d1aa6927260,INR,0.51,Razorpay,MasterCard,2736
PM4231,O2172,16-10-2024,UPI,1797.88,Success,5e6165fb-1d9e-418f-bac9-9bb7138e869f,GBP,1.41,Square,MasterCard,3926
PM4232,O2104,07-04-2024,PayPal,257.73,Failed,e4003252-6a0d-4ccc-9f5c-2695297b3fd7,AUD,1.39,Stripe,MasterCard,7995
PM4233,O2501,30-11-2024,PayPal,1809.43,Failed,5b7651cb-40d7-45f1-b2bc-c4cca2f4fda5,EUR,1.15,Stripe,MasterCard,3765
PM4234,O2515,22-01-2024,PayPal,1584.84,Failed,fa6b6985-bce7-4f75-b5bd-f00efeeef1c9,USD,0.75,PayPal,MasterCard,2765
PM4235,O2056,13-01-2025,PayPal,917.38,Success,db6a5d6b-42d7-4e10-ba6a-9933a8c3409d,INR,1.17,Razorpay,Visa,4822
PM4236,O2502,17-04-2024,PayPal,278.05,Success,c8027481-fb6c-4945-960a-c2fc92f0a46b,INR,0.54,Square,MasterCard,7957
PM4237,O2063,29-09-2024,Credit Card,420.96,Failed,7cad22ba-4cef-4a69-943a-f734b2645b81,EUR,1.05,Stripe,Visa,4608
PM4238,O2334,02-10-2024,PayPal,741.46,Success,5e7e4a4e-a75b-4b53-98ff-2113f0e11852,USD,0.85,Stripe,MasterCard,4629
PM4239,O2226,22-11-2024,Net Banking,1407.71,Failed,57cf6761-b417-432b-8768-9f79a9dc2428,AUD,1.08,Square,AmEx,9622
PM4240,O2291,06-07-2024,UPI,1925.74,Success,320f48fc-6b60-4fdf-95cc-c2f03b26ac19,GBP,0.6,Razorpay,AmEx,7386
PM4241,O2201,21-02-2024,PayPal,1028.51,Success,2fcabc0b-f212-4ca5-807e-7bc2117c7878,EUR,0.74,Razorpay,AmEx,1399
PM4242,O2111,29-03-2024,Credit Card,369.29,Success,d7ab610a-cd21-4f74-8679-f913a2fb5a86,GBP,0.66,Stripe,MasterCard,8627
PM4243,O2223,25-10-2024,Net Banking,1168.7,Success,3f250c14-45f4-4aad-84cd-85df25c39e8c,AUD,0.76,Razorpay,AmEx,5223
PM4244,O2028,25-06-2024,Debit Card,141.68,Failed,d56d0c8f-0799-428b-8e97-1a9413111857,USD,0.69,Square,MasterCard,4531
PM4245,O2563,11-01-2025,Credit Card,809.2,Success,628e3b59-32ad-4bcc-a08b-aa610b3244cb,INR,0.6,Stripe,Visa,1919
PM4246,O2488,18-06-2024,Debit Card,1705.37,Failed,63594621-d1b9-4ff1-bfa7-04edeb9b7784,USD,1.47,Stripe,AmEx,4170
PM4247,O2011,04-07-2024,UPI,71.03,Success,5d4a7034-aaba-4d50-b9ca-2ecbdcab73e4,INR,0.62,Square,AmEx,3485
PM4248,O2501,29-05-2024,Net Banking,1871.38,Success,f78c6e13-3720-493f-ad1b-1299569cbad8,EUR,1.4,Square,AmEx,9445
PM4249,O2011,04-08-2024,Credit Card,1635,Failed,06ec4617-08d2-4c6a-9efc-0c2f568448c1,INR,1.01,PayPal,Visa,8425
PM4250,O2178,09-02-2024,UPI,1578,Success,4e7496b2-a82d-4049-bc5d-417401a74c00,USD,1.48,PayPal,AmEx,3883
PM4251,O2559,05-12-2024,Net Banking,399.64,Failed,eeb26b81-9835-4fb8-974b-286be00318a3,AUD,0.89,Stripe,Visa,8011
PM4252,O2355,15-04-2024,UPI,1470.31,Failed,ae28c053-efe2-49ec-af90-df67d15dca67,USD,0.95,Razorpay,Visa,2396
PM4253,O2293,08-09-2024,Net Banking,1724.93,Success,e9f65b53-54a4-4915-b59b-6b42ce054809,USD,1.06,Stripe,AmEx,7163
PM4254,O2244,12-12-2024,Debit Card,763.33,Success,fef59400-d0f5-4865-b3de-58512c0a8556,AUD,1.21,Square,Visa,4596
PM4255,O2111,17-07-2024,PayPal,589.07,Failed,4fce540c-7231-4131-8fd4-2956e54cb1aa,AUD,0.64,Square,Visa,8602
PM4256,O2209,30-06-2024,Net Banking,1598.88,Success,8e88dad6-1308-4a78-a663-a86948f99c14,USD,0.85,Stripe,AmEx,1257
PM4257,O2319,28-02-2024,PayPal,1306.9,Failed,34de60d5-7b28-437f-aa8a-bcd48928d8a4,USD,0.86,Stripe,AmEx,5521
PM4258,O2452,19-07-2024,PayPal,928.74,Success,5215e210-1176-42ea-a317-e5b514da46c0,AUD,0.71,Stripe,MasterCard,2906
PM4259,O2258,27-12-2024,Debit Card,1114.61,Failed,6d352e72-83bf-4330-80f3-942c02fa894b,USD,1.35,PayPal,MasterCard,4366
PM4260,O2183,27-09-2024,PayPal,1170.93,Failed,66c3dc0e-1175-4625-b9c6-ea60f4b63682,AUD,0.54,Square,AmEx,5100
PM4261,O2155,17-12-2024,PayPal,1358.73,Success,2d255c6d-fcdb-443d-a096-a867ae3ad8b7,USD,1.44,Square,Visa,9994
PM4262,O2377,08-05-2024,Net Banking,98.31,Failed,1e4d8c45-2121-4ee6-8fbf-2b994ad95d91,INR,0.85,PayPal,AmEx,3378
PM4263,O2459,11-06-2024,UPI,1758.47,Success,caea5bfa-f8bf-4650-9c7d-3b441f771b45,GBP,1.47,Stripe,AmEx,4883
PM4264,O2368,14-11-2024,PayPal,1294.54,Failed,ae5e79d1-1584-4a7b-b6db-461c455cb78a,INR,0.57,Square,MasterCard,6508
PM4265,O2219,04-05-2024,Debit Card,1809.33,Failed,f6f85cd3-b607-4ee9-81f2-e61ecca526c8,EUR,1.27,Stripe,Visa,3426
PM4266,O2025,31-03-2024,Credit Card,1636.66,Success,65af8bd4-b0d4-4b02-819a-ff4290d9172b,GBP,1.11,Stripe,AmEx,9935
PM4267,O2227,16-12-2024,Net Banking,51.85,Success,fad1d264-0359-438b-b34c-2fec76706e3f,GBP,1.43,Square,AmEx,7771
PM4268,O2165,17-05-2024,PayPal,1441.24,Failed,07013434-a1e6-44f1-aadc-25d1131a9805,EUR,1.38,Square,Visa,3822
PM4269,O2147,18-03-2024,UPI,1643.01,Failed,a6ebdbe6-7233-42fd-9243-7ac3d796bf2d,USD,0.71,Stripe,Visa,1426
PM4270,O2277,22-02-2024,Net Banking,279.25,Success,5d2d6ea6-1573-4e7c-ad55-c03301703cb1,INR,0.85,Stripe,MasterCard,1811
PM4271,O2594,05-06-2024,Debit Card,1741.26,Failed,0204efcd-524d-460b-9d33-71ced7b7eec9,INR,0.68,Stripe,AmEx,3225
PM4272,O2135,03-08-2024,Credit Card,378.17,Success,fc5a6205-830b-4e3c-b46f-ba8d145e69b8,GBP,0.61,Stripe,MasterCard,2866
PM4273,O2597,30-03-2024,Debit Card,1827.26,Success,c5504910-a9da-45f6-b88b-ebfb1cada5e6,INR,0.63,Stripe,Visa,2519
PM4274,O2545,09-06-2024,Credit Card,1899.14,Failed,12b8c7e7-f7d2-49f7-9f3a-0a1d4afaf61f,INR,1.36,PayPal,AmEx,8546
PM4275,O2105,25-10-2024,UPI,997.89,Failed,e4d66ea4-a762-4f42-aa26-bbf390e1e53c,AUD,1.29,Stripe,MasterCard,8151
PM4276,O2538,24-06-2024,UPI,1040.96,Failed,48f1a2ca-8d8f-4040-9ff1-bb6c61eec9c0,USD,1.19,PayPal,MasterCard,4879
PM4277,O2048,25-04-2024,Net Banking,766.95,Success,225b70cc-86f7-428f-bf1d-00072d5081f4,EUR,0.69,Stripe,Visa,7273
PM4278,O2291,30-06-2024,Debit Card,709.33,Success,2f1c31aa-595f-4f3f-bd91-b37ef236fd2b,INR,1.49,PayPal,Visa,3100
PM4279,O2256,31-10-2024,Credit Card,859.51,Failed,b3b7c8a6-7c9d-4284-8ea8-cd63d518a0cd,EUR,1.05,Razorpay,MasterCard,7522
PM4280,O2198,23-11-2024,UPI,909.55,Failed,914c9c4d-ff90-4abd-a395-be798ce3be8e,GBP,0.71,Square,AmEx,2377
PM4281,O2353,09-09-2024,Credit Card,471.37,Failed,e25630ba-cd0a-4ee5-8f97-9c78c8969930,GBP,0.83,Stripe,MasterCard,7835
PM4282,O2381,29-12-2024,Net Banking,792.84,Failed,2b472987-154d-452d-a923-8254c86835c5,INR,0.62,PayPal,MasterCard,8658
PM4283,O2305,31-01-2024,UPI,813.51,Failed,7aa769aa-aecf-4da1-8bf6-c26475655efb,AUD,0.9,PayPal,Visa,6899
PM4284,O2217,29-12-2024,Debit Card,778.04,Success,0c4585d0-d725-49c3-8707-1e149750aaf8,USD,1.46,Razorpay,MasterCard,1669
PM4285,O2254,16-04-2024,PayPal,155.66,Failed,626f3e83-3bfe-4ef1-b168-4d8e6e1d08d9,AUD,0.52,Square,MasterCard,9582
PM4286,O2139,05-06-2024,Net Banking,1933.32,Success,f7467abc-21b1-4eba-b15e-1b30388e4d2c,INR,1.12,Square,MasterCard,6661
PM4287,O2522,15-06-2024,PayPal,1915.55,Failed,1ce73779-928b-4e92-b43b-157037cdbd34,GBP,0.5,Stripe,MasterCard,3624
PM4288,O2544,15-07-2024,PayPal,810.37,Failed,27f4cb54-1dd1-414e-aca6-93226eae2784,AUD,0.8,Stripe,MasterCard,4436
PM4289,O2378,15-05-2024,UPI,142,Failed,801ac930-f68b-4a5f-838f-7c025f4c9030,USD,1.35,Square,MasterCard,2333
PM4290,O2217,12-11-2024,PayPal,1779.34,Failed,236db9f1-5812-41a3-b506-fc0c3f1c92ad,USD,0.62,PayPal,AmEx,6776
PM4291,O2071,13-10-2024,Credit Card,1471.07,Failed,0c7409ea-eb95-47e3-8a3b-933f120a2f31,INR,1.17,Razorpay,MasterCard,7350
PM4292,O2285,13-04-2024,Credit Card,521.4,Success,34645366-2731-49d3-98d9-0ab3777d3919,GBP,0.7,Stripe,Visa,5688
PM4293,O2214,14-06-2024,Credit Card,1249.01,Failed,132d7eb6-3c7f-457c-8e4e-8c0e9beba0c2,GBP,1.35,PayPal,AmEx,3158
PM4294,O2142,19-05-2024,Debit Card,1339.24,Success,de0dbd60-f0a2-436f-aaa6-3ecd25df150f,USD,1.15,Razorpay,MasterCard,2157
PM4295,O2195,25-04-2024,Debit Card,1565.25,Success,794692c7-f761-41b5-88b4-7fd68af31857,USD,1.38,PayPal,AmEx,9798
PM4296,O2520,14-05-2024,Net Banking,1582.09,Success,35252130-a423-4fd6-9eb5-eb80ab7ca2d2,USD,1.34,Stripe,AmEx,6360
PM4297,O2451,02-10-2024,Debit Card,424.2,Failed,b8863687-034e-433b-9a5e-a32bed25acf4,GBP,0.85,PayPal,MasterCard,5321
PM4298,O2066,13-01-2025,Debit Card,1895.01,Success,51566a67-4c97-470e-9ee2-72a01e39e4c0,INR,0.78,PayPal,Visa,8643
PM4299,O2523,26-01-2024,Net Banking,862.53,Failed,93b47f59-b00b-4fb7-abe5-5c917d24d453,GBP,1.21,Square,Visa,3768
PM4300,O2240,18-04-2024,Debit Card,1459.36,Success,fc28992d-7fd7-4aed-9346-57a09b4941ce,USD,0.57,Razorpay,Visa,5105
PM4301,O2052,03-01-2025,Debit Card,1798.95,Success,7ae4f2bf-28ae-4ee3-ac65-77104aa76de3,AUD,1.02,Stripe,MasterCard,9609
PM4302,O2552,15-02-2024,Net Banking,1550.6,Success,f837fbf2-caa3-4471-83d0-af9c37138773,INR,0.75,PayPal,Visa,9013
PM4303,O2098,24-03-2024,Debit Card,1259.16,Success,ae7a33a4-d483-4992-b5ec-52f0de9d7a2f,USD,0.93,Square,AmEx,8908
PM4304,O2434,01-07-2024,Credit Card,1503.99,Success,dbefc327-499b-45d6-a3cb-6a9633b35a9b,GBP,1.35,Square,AmEx,6615
PM4305,O2395,04-07-2024,Credit Card,1066.54,Success,7577b0cc-72c4-43d1-8e8c-613d7acb2455,USD,0.76,Stripe,Visa,2873
PM4306,O2152,29-08-2024,Debit Card,1379.35,Failed,81b04b08-9871-4e1c-87f3-e6e7ca7e1e7f,INR,0.93,Stripe,AmEx,3536
PM4307,O2192,02-04-2024,Credit Card,1424.07,Failed,29132675-8cd5-497a-8737-a4e7464cf43c,EUR,1.19,Razorpay,AmEx,8589
PM4308,O2126,27-08-2024,PayPal,48.24,Failed,4ca2f92d-d934-4a4e-b599-c378b17ae097,AUD,0.56,Razorpay,AmEx,8633
PM4309,O2231,31-03-2024,PayPal,1416.62,Success,0ba91e56-f053-4058-ab71-fb9b2cde976b,GBP,1.33,PayPal,MasterCard,4574
PM4310,O2058,05-04-2024,UPI,230.51,Failed,cff7fd14-eaf4-479d-affe-dd6f191c3ed8,GBP,1.33,PayPal,AmEx,4654
PM4311,O2317,16-10-2024,Debit Card,407.16,Success,7edd32f7-3a98-48ef-b234-21955b7a92d3,GBP,0.55,PayPal,AmEx,5527
PM4312,O2434,04-05-2024,Net Banking,1088.18,Failed,15c4d792-2753-403a-b9fc-22a038964c2f,INR,1.2,Stripe,AmEx,9621
PM4313,O2465,09-01-2025,UPI,218.81,Success,8fec208e-b64c-4d83-8fa6-11475e317226,EUR,1.31,PayPal,Visa,1180
PM4314,O2216,17-04-2024,Debit Card,880.13,Success,bde6fe59-09f0-4fc1-8681-80d733c0fef4,INR,1.08,Stripe,MasterCard,7816
PM4315,O2050,14-05-2024,Credit Card,1587.26,Failed,1d032d2f-9ae4-41a3-98c2-410674668676,USD,0.99,Razorpay,Visa,3181
PM4316,O2498,16-01-2024,PayPal,673.95,Failed,013e73f9-4f6a-4de6-a137-e88373a85376,GBP,1.47,Stripe,MasterCard,3632
PM4317,O2511,06-04-2024,UPI,790.3,Success,cbebf5f2-7a05-451d-b855-4508aa623d47,USD,1.23,Stripe,AmEx,8101
PM4318,O2076,19-05-2024,Net Banking,488.12,Success,e04fccc5-2ebf-47e3-872b-f0b1ec9d57a1,AUD,1.28,PayPal,AmEx,6787
PM4319,O2179,25-08-2024,UPI,955.01,Failed,c970729e-ffbb-40aa-86e7-27f7eaae1b2f,GBP,1.22,Square,AmEx,3023
PM4320,O2353,02-04-2024,PayPal,175.4,Failed,1a1eb3f4-1e24-4bd2-a8df-b0251b8db7f6,AUD,1.08,Razorpay,AmEx,9241
PM4321,O2410,28-08-2024,PayPal,1493.22,Failed,25731f6d-4634-47a6-8ce6-254a22d0a351,USD,1.12,Razorpay,Visa,8266
PM4322,O2164,04-07-2024,Debit Card,1292.44,Failed,b91bffd9-0e84-41a8-b1be-4e972e005a2a,GBP,0.81,Razorpay,Visa,9241
PM4323,O2306,02-07-2024,Credit Card,381.81,Success,069b0780-da09-432d-a37f-51396fb1f766,EUR,1.46,Stripe,MasterCard,6386
PM4324,O2359,18-04-2024,Debit Card,108.73,Failed,ee2014cf-04c9-402d-82c4-9b424a176e2b,GBP,0.55,PayPal,AmEx,3173
PM4325,O2278,05-12-2024,Debit Card,1208.2,Failed,17972c10-c36a-414f-bf37-4d0c7de9974a,EUR,0.62,Square,Visa,6839
PM4326,O2426,22-04-2024,PayPal,1333.77,Success,7584c398-81dc-46e7-af66-dc036a5a09bd,INR,0.84,Stripe,MasterCard,8690
PM4327,O2303,30-06-2024,UPI,1862.71,Failed,bad2a234-71b8-4379-945f-a7dac097b0d1,INR,1.24,PayPal,AmEx,5023
PM4328,O2342,10-10-2024,Credit Card,1188.19,Success,2f9be863-e2b7-4a53-be62-1b3a979d1743,USD,0.86,Square,MasterCard,3161
PM4329,O2093,25-01-2024,UPI,1069.54,Failed,b33d1b08-516f-4e82-ade9-51fe94795c1b,AUD,0.61,Stripe,AmEx,5908
PM4330,O2109,24-03-2024,Credit Card,1833.26,Success,cf5b919e-a80b-4291-8730-6d0998b7056c,EUR,1.49,Stripe,AmEx,8770
PM4331,O2312,16-05-2024,Credit Card,798.11,Failed,b3218a99-453e-492e-b246-deffaf609961,INR,0.85,Stripe,AmEx,3518
PM4332,O2044,30-09-2024,PayPal,1615.3,Success,988453ed-bf95-4a68-94da-899177009b57,AUD,1.15,Square,AmEx,5934
PM4333,O2503,03-01-2025,Credit Card,320.11,Success,a921b891-e059-4082-8308-0907ae197fb8,USD,1.43,Stripe,AmEx,7226
PM4334,O2313,08-03-2024,Credit Card,1859.6,Success,f313cda0-ad10-4cfe-9ba7-3ae919d9a158,EUR,0.66,Razorpay,MasterCard,7133
PM4335,O2218,22-07-2024,Credit Card,737.75,Success,7c961794-693a-43f6-8e4c-c472cf9aaea3,INR,1.28,Razorpay,Visa,5709
PM4336,O2009,25-02-2024,PayPal,510.27,Success,bad62fd0-8d3d-4d91-bd1b-40f01fd12626,AUD,1.31,Stripe,MasterCard,5362
PM4337,O2452,23-05-2024,Credit Card,1371.02,Failed,bbb0e958-e77d-4671-b272-5eb8b3c96d50,EUR,0.81,Square,MasterCard,6016
PM4338,O2377,10-09-2024,Debit Card,1016.55,Failed,35d67d1b-f9ea-4a08-abb8-c6c06dcc6598,USD,0.98,Square,AmEx,3445
PM4339,O2448,23-08-2024,Net Banking,1035.65,Failed,424cbae5-c239-4f80-8609-0be3b2a6253c,GBP,1.36,PayPal,Visa,7524
PM4340,O2298,13-04-2024,UPI,1094.39,Success,ba870a92-870b-400c-afb0-25093e9f54e1,USD,0.63,Stripe,MasterCard,4033
PM4341,O2442,15-06-2024,UPI,958.99,Failed,5b0bc892-232b-46d2-bd7b-8baac7acceab,INR,0.88,Razorpay,AmEx,1260
PM4342,O2541,08-07-2024,Net Banking,1234.59,Failed,0de25281-b3a2-40eb-a076-7c50e5b2e59e,EUR,1.31,Stripe,AmEx,9894
PM4343,O2529,05-12-2024,Net Banking,1570.66,Success,00478fd1-859d-4d53-ba25-50d0ef535ac4,EUR,1.07,Stripe,AmEx,1260
PM4344,O2227,01-03-2024,UPI,1293.25,Success,c125f2e6-c2e7-491b-af28-0ea578eb98eb,EUR,0.87,Square,AmEx,4475
PM4345,O2212,30-03-2024,Net Banking,1018.86,Success,2da8f454-6a60-437f-951c-1afa4684ef54,GBP,1.05,Razorpay,Visa,8702
PM4346,O2427,30-09-2024,Credit Card,589.56,Failed,b61b7702-d713-4ec7-85a2-d79418842106,GBP,1.44,PayPal,AmEx,7961
PM4347,O2424,21-06-2024,Debit Card,634.17,Failed,b0586393-7f25-40e9-b10c-4b74e0fea543,AUD,0.9,Razorpay,MasterCard,9248
PM4348,O2566,02-06-2024,Net Banking,1385.13,Failed,31bfe6df-d378-4079-901c-333d1a6fa7bd,INR,0.99,Square,AmEx,8708
PM4349,O2188,25-08-2024,Credit Card,1438.91,Failed,b4dd8095-1001-415c-b347-3f8ede723fcb,INR,0.83,Square,AmEx,8443
PM4350,O2212,27-12-2024,Credit Card,103.32,Failed,cae55477-9187-449f-add7-064806b81c42,USD,0.56,PayPal,Visa,8219
PM4351,O2507,13-01-2025,UPI,1346,Success,d9de52e6-6633-458a-adb7-eec0c4358435,INR,0.7,Stripe,AmEx,6306
PM4352,O2230,25-11-2024,Debit Card,1118.15,Success,509c9c62-b778-4c39-8f6d-11f9c9a5cf15,EUR,1.24,PayPal,MasterCard,3630
PM4353,O2189,04-07-2024,UPI,1733.69,Failed,571749ec-1233-480f-922c-08bfb682b15d,USD,1.39,Stripe,MasterCard,7799
PM4354,O2194,21-01-2024,Net Banking,1256.2,Failed,0de299ad-506c-44be-86bc-35997358e107,AUD,0.92,Stripe,AmEx,4443
PM4355,O2103,31-12-2024,UPI,1644.24,Failed,e13022ed-d938-4d52-a842-883ba0d3cca5,INR,1.15,Razorpay,AmEx,7135
PM4356,O2572,11-10-2024,UPI,1931.79,Failed,d5a8f46b-98ce-4b5a-b93e-eec754bb5edd,EUR,0.72,Razorpay,Visa,5155
PM4357,O2586,01-04-2024,Net Banking,845.84,Failed,a7c01202-8708-4817-af7c-6ffe30ba31f3,AUD,0.51,PayPal,AmEx,2197
PM4358,O2198,16-01-2024,Debit Card,346.74,Success,a00440b4-14bf-4e3c-817d-09f3db56a4d3,AUD,0.64,PayPal,MasterCard,8508
PM4359,O2326,29-12-2024,Debit Card,1975.91,Failed,0eb52d82-9c82-4634-bd4f-b80923f0cffc,AUD,0.9,Stripe,Visa,9666
PM4360,O2309,08-07-2024,PayPal,118.46,Failed,3cb8765c-2b39-422e-a166-99abccfa8bef,AUD,1.17,Square,AmEx,7377
PM4361,O2110,11-03-2024,PayPal,1309.78,Success,2bca0853-e5a8-4c8c-8ba1-5393d482e2ee,INR,0.61,Square,Visa,6740
PM4362,O2225,23-10-2024,UPI,1328.68,Success,dbe02c00-2475-4b0a-b64d-0cb6808049b5,USD,1.49,Square,Visa,7829
PM4363,O2000,01-04-2024,Credit Card,1548.57,Success,2ffc6955-00c8-47a5-8c8b-2b4b67f584ae,EUR,1.33,PayPal,MasterCard,8904
PM4364,O2255,03-10-2024,Net Banking,319.06,Success,cf626094-e2e1-4e0a-8111-8f24b184a95b,INR,1.29,Razorpay,MasterCard,8939
PM4365,O2348,08-11-2024,UPI,33.84,Success,0cf91216-1e15-46df-91e7-a0582675642c,GBP,1.41,PayPal,Visa,5250
PM4366,O2429,16-06-2024,UPI,1753.68,Success,26fef2b9-e0f8-4447-8cb9-3ac34db47d8c,USD,1.33,Razorpay,Visa,9239
PM4367,O2495,09-11-2024,Debit Card,601.39,Success,326e0f5f-0503-40d2-832a-6103e81d694a,EUR,0.7,Square,Visa,5528
PM4368,O2592,24-08-2024,Credit Card,838.31,Success,43624531-3340-48d0-b90e-4fd38429c797,EUR,1.36,Razorpay,AmEx,6103
PM4369,O2344,12-09-2024,Credit Card,1027.08,Failed,dad2c806-2c0a-4831-9343-dc5fa8122a21,INR,1.37,Square,MasterCard,8080
PM4370,O2384,20-06-2024,Credit Card,35.14,Success,00b22f9e-0165-4ab9-8abf-b114c51b86b7,INR,0.56,Square,AmEx,4861
PM4371,O2261,25-05-2024,PayPal,821.22,Failed,903067ff-e133-4a4c-90fe-a22062ca1e68,GBP,1.05,PayPal,AmEx,8752
PM4372,O2015,23-03-2024,Credit Card,1002.32,Failed,2f1080cc-5967-42be-b271-5e8eae8e7c75,USD,0.51,Square,Visa,6967
PM4373,O2515,17-11-2024,Net Banking,533.12,Failed,c0b014d0-a7a3-497c-bea3-1e265bc008b8,GBP,1.04,Razorpay,Visa,6028
PM4374,O2098,05-11-2024,Net Banking,296.38,Success,9b3abf87-6358-4b3d-bec4-a4f160b061ed,USD,0.82,Razorpay,MasterCard,7276
PM4375,O2534,11-01-2025,PayPal,215.91,Failed,750df82e-776a-4020-81c4-d0e76df026ab,INR,0.9,PayPal,Visa,7269
PM4376,O2518,27-09-2024,UPI,1552.93,Failed,4ab0db29-989c-4f4d-a7b4-9d11119a0f19,EUR,0.74,Razorpay,AmEx,5559
PM4377,O2018,08-10-2024,Credit Card,1595.16,Success,940c7ba8-bd0c-4a6e-a5bc-3ca03e016bdc,INR,0.75,Square,AmEx,4530
PM4378,O2447,05-04-2024,UPI,1998.34,Failed,c15246ea-d9c8-4955-9e3c-d8c48cd2fb8c,GBP,0.74,Razorpay,MasterCard,9953
PM4379,O2445,08-10-2024,Debit Card,746.76,Failed,ba5c87d7-60b5-4544-b5b0-daafafeb250a,AUD,1.19,PayPal,MasterCard,8926
PM4380,O2332,02-08-2024,UPI,204.11,Success,5eb9e1e2-ec76-4fc3-8814-6d6842614529,EUR,1.34,Razorpay,MasterCard,6008
PM4381,O2006,30-03-2024,PayPal,1842.24,Success,d9025a68-46a3-4dd5-8946-3d8ea38b089c,INR,1.39,Stripe,AmEx,2216
PM4382,O2571,23-02-2024,PayPal,735.26,Failed,e302638a-194c-42f9-a70b-38b7b25f19d7,INR,1.48,PayPal,Visa,4167
PM4383,O2098,03-05-2024,PayPal,23.43,Success,8b29dd8e-3fbd-4eae-9bad-f0687ba1ab44,INR,0.82,PayPal,Visa,4026
PM4384,O2584,19-08-2024,Credit Card,301.99,Success,17e528e6-66b4-4b90-9da9-1a814a18f7e3,GBP,1.03,PayPal,AmEx,8024
PM4385,O2123,07-04-2024,Net Banking,206.76,Success,689b3fc1-fb38-4d9b-8197-3f3a93b95bb4,GBP,1.4,Razorpay,Visa,1006
PM4386,O2577,05-01-2025,Credit Card,744.43,Success,1fd5788a-8573-4476-82d4-89c7b6240c81,AUD,0.86,Square,AmEx,9589
PM4387,O2004,04-09-2024,Credit Card,1570.48,Success,28eab74e-602b-4bb3-92db-5a180865fd1e,AUD,0.82,Razorpay,AmEx,1648
PM4388,O2459,08-04-2024,Debit Card,1842.5,Failed,bcd15266-10f8-460f-8afe-85709e37588b,AUD,1.37,Square,Visa,4620
PM4389,O2548,29-10-2024,PayPal,1087.57,Success,1b902963-2c75-4d93-a057-e67a15eee52d,USD,0.95,Stripe,MasterCard,9286
PM4390,O2532,04-02-2024,UPI,1264.48,Success,13031ff8-f3d9-4060-8a2c-d6706bf4a5c8,GBP,0.96,PayPal,MasterCard,6492
PM4391,O2199,22-07-2024,PayPal,1826.97,Failed,3230112b-e118-40ba-88d8-c39e398decbe,AUD,0.93,Square,MasterCard,9582
PM4392,O2094,29-07-2024,PayPal,1370.85,Success,9460ae0f-5c2f-4cba-aae9-4d4dfeb4f673,INR,0.92,Razorpay,MasterCard,1421
PM4393,O2259,26-07-2024,Debit Card,1773.4,Success,e66e27c5-8431-4fa8-9584-c39604fa0315,USD,0.99,PayPal,AmEx,4729
PM4394,O2068,11-12-2024,PayPal,1151.73,Success,daeaaff7-2a31-4790-8cce-49d6301341ff,INR,0.67,Square,AmEx,6036
PM4395,O2214,02-03-2024,Credit Card,1379.57,Failed,4636a839-01d5-4dd2-9a95-a909634e936c,AUD,0.69,Stripe,MasterCard,3275
PM4396,O2548,25-01-2024,Net Banking,647.67,Failed,82f5b961-ff11-4f04-9dc0-333d0520fd61,AUD,0.55,Razorpay,Visa,5158
PM4397,O2206,06-07-2024,Net Banking,819.88,Success,21d29761-f271-4a5a-8c2d-57dc763853c5,AUD,1.22,PayPal,AmEx,4157
PM4398,O2435,25-08-2024,PayPal,937.12,Failed,1cce6d3f-40e9-4953-a11b-90096a5c7365,INR,0.87,Square,MasterCard,4699
PM4399,O2333,10-11-2024,Debit Card,330.25,Failed,492a2c9a-6855-4f42-89d9-9ad4a60996b9,INR,0.71,Razorpay,MasterCard,6260
PM4400,O2511,09-09-2024,PayPal,136.87,Success,93247592-3659-4ef5-95d7-84fe9bf8a87f,USD,1.23,Square,AmEx,2489
PM4401,O2518,29-01-2024,Credit Card,286.67,Success,700cc98e-7c01-459b-9667-6b014b0a2305,GBP,0.73,PayPal,AmEx,9663
PM4402,O2568,11-04-2024,Net Banking,209.48,Success,03a76160-857b-4cdb-9654-9134d0d30a42,INR,1.41,Square,AmEx,9025
PM4403,O2181,04-10-2024,Net Banking,1755.46,Failed,6ccfac30-c2f0-4542-9b14-96f04a7c0536,INR,1.49,Stripe,AmEx,2104
PM4404,O2141,02-06-2024,Net Banking,214.18,Success,b7a02f37-dc25-483d-a2c8-702941f1632d,EUR,1.44,Stripe,MasterCard,3080
PM4405,O2085,10-04-2024,UPI,479.85,Success,852bb769-c2e0-40de-8ff6-1df505cb92c9,GBP,1.07,Razorpay,MasterCard,5609
PM4406,O2455,28-05-2024,Net Banking,319.79,Success,a851af69-6596-4f90-a0f2-1d88d7b47c0a,GBP,1.39,PayPal,MasterCard,3032
PM4407,O2498,21-06-2024,PayPal,1330.31,Success,64ad5f0b-d6aa-477b-853d-05626adcf516,AUD,0.72,Stripe,AmEx,4910
PM4408,O2383,27-03-2024,Net Banking,1813.82,Failed,018520d9-d44b-4566-b1f0-c139f0279325,USD,0.77,Razorpay,Visa,6617
PM4409,O2044,12-07-2024,Debit Card,21.21,Success,d3bf2f71-f021-4813-baaa-011ac539997e,USD,1.03,Razorpay,MasterCard,1186
PM4410,O2456,14-08-2024,UPI,1324.94,Failed,4ef8b653-0562-45ef-bb57-287ab2220b6f,GBP,0.93,Stripe,AmEx,1960
PM4411,O2271,18-03-2024,UPI,1294.93,Failed,50cd3f37-ea67-4b3a-bbfc-308ded3c0ae8,AUD,0.75,Stripe,MasterCard,7469
PM4412,O2291,16-08-2024,UPI,1555.19,Failed,d6643a9d-2ddc-4525-84ea-c9fbe168f380,USD,0.75,Square,AmEx,6574
PM4413,O2456,19-01-2024,UPI,999.1,Success,443270aa-01b2-4a55-b0fa-cf84ec9ead14,AUD,0.59,Square,Visa,4763
PM4414,O2136,21-03-2024,UPI,1175.66,Success,31a487d5-43df-450f-bce9-2d3d78de15e7,AUD,0.78,Square,AmEx,9163
PM4415,O2055,01-06-2024,Credit Card,253.73,Success,94d77b6b-025c-4a34-b195-7359e3372a20,GBP,1.13,Razorpay,AmEx,1188
PM4416,O2581,21-08-2024,Debit Card,1609.99,Failed,58dc6e73-0811-4374-b8ab-5f4bc800eb12,GBP,1.05,Square,Visa,5693
PM4417,O2538,30-06-2024,Net Banking,1985.81,Failed,ee32f758-5f3b-4c2e-8d09-fbae92c5ede2,USD,1.06,Stripe,AmEx,7409
PM4418,O2502,16-08-2024,PayPal,1425.32,Success,f01a2a96-b624-4a0a-86c6-f3c9302e1182,INR,1.18,Stripe,Visa,7848
PM4419,O2468,22-09-2024,Credit Card,663.66,Success,bfc921c6-dd0f-491b-9bdd-ed1f55ba6bef,USD,1.42,Square,AmEx,2869
PM4420,O2552,13-01-2025,Credit Card,1550.35,Failed,6af64d37-4f95-4ca5-8fc3-b22351931411,INR,1.46,Stripe,Visa,3629
PM4421,O2395,01-02-2024,PayPal,843.02,Success,d504a43e-d117-4eff-8d5a-7450138f1d7b,INR,1.09,Square,AmEx,8790
PM4422,O2186,03-05-2024,Credit Card,1685.53,Failed,7463d7a1-2aeb-4f0d-b12a-8b4b7e06407b,GBP,0.93,Stripe,AmEx,9516
PM4423,O2249,12-08-2024,UPI,1269.77,Failed,86c5f914-b60f-41a4-9049-7c85e7424c62,INR,1.1,Square,Visa,8075
PM4424,O2183,16-02-2024,UPI,70.39,Success,f278af67-7944-4f26-b2ed-0e244c0f14f9,GBP,1.23,Razorpay,Visa,9491
PM4425,O2490,11-06-2024,PayPal,1949.18,Failed,e8893d31-2d3d-47c1-91d7-d30d877e0eef,AUD,1.26,Square,AmEx,7942
PM4426,O2061,18-01-2024,UPI,1474.66,Failed,a0ecee11-e9e0-4435-8121-0eeb099a5eda,USD,1,Square,AmEx,7226
PM4427,O2034,19-11-2024,PayPal,1733.96,Failed,f51e040a-4e1c-4fda-a677-be31de59c2a5,INR,1.32,Square,Visa,5060
PM4428,O2153,18-08-2024,Debit Card,1502.54,Failed,76d98a46-734c-4020-a251-a06b0f143391,EUR,1.27,Razorpay,MasterCard,1642
PM4429,O2058,17-11-2024,UPI,1420.91,Success,5cb2a63d-8aab-4480-8897-d44b0ba0f656,AUD,0.79,Razorpay,AmEx,7417
PM4430,O2404,25-02-2024,Debit Card,1824.15,Failed,36660093-cc5b-4347-809a-c27350479aff,GBP,1.39,Stripe,Visa,3069
PM4431,O2381,14-12-2024,PayPal,253.98,Success,534cd850-627a-4b16-b715-c9e38d3bbc33,INR,0.56,Square,Visa,4611
PM4432,O2183,11-07-2024,UPI,1359.93,Failed,feb78ccb-d320-445e-a4ea-30d8dbb5d17a,AUD,1.39,Stripe,Visa,2657
PM4433,O2044,25-08-2024,Debit Card,324.13,Failed,5a44aed7-1943-4778-848c-c019c600729c,GBP,1.02,Razorpay,MasterCard,1652
PM4434,O2286,13-09-2024,Net Banking,142.58,Failed,5316c678-c499-4bfb-ae21-4a11e7853bea,AUD,1.47,Square,AmEx,1209
PM4435,O2327,31-10-2024,Debit Card,453.36,Success,b0da54d4-b2fe-4dad-b343-60af47e554df,INR,1.39,Razorpay,MasterCard,1726
PM4436,O2516,27-10-2024,UPI,384.13,Failed,089d675c-2d9d-4ba8-82d6-4e79a0f0fcf8,INR,1.15,Razorpay,AmEx,9965
PM4437,O2055,14-10-2024,Credit Card,1439.43,Success,104da70b-02de-4e65-858f-2fe744c7119b,USD,0.65,Square,AmEx,6005
PM4438,O2268,03-06-2024,Credit Card,1528.96,Success,bf8dd3f2-81fb-4d34-aef7-07368bef0163,EUR,1.17,Razorpay,AmEx,7880
PM4439,O2087,03-06-2024,UPI,847.14,Success,82229bb2-df06-4283-b560-7b3224fbb10e,INR,0.58,PayPal,MasterCard,1788
PM4440,O2527,12-06-2024,UPI,1743.09,Success,135b3d9c-fe94-4688-b3e2-ae757816df65,GBP,0.88,Razorpay,MasterCard,9897
PM4441,O2446,23-09-2024,PayPal,1005.84,Success,03a8eabe-40c9-4f68-9315-72369b3076cd,AUD,1.36,Stripe,Visa,8254
PM4442,O2533,16-05-2024,UPI,1308.17,Success,521c2965-79b1-417d-973a-a53980e17514,GBP,0.99,PayPal,MasterCard,6079
PM4443,O2168,31-03-2024,PayPal,353.8,Success,30e9c4ea-3cb9-4d38-a717-b8bec499e4a2,INR,0.51,Square,MasterCard,9514
PM4444,O2169,25-04-2024,Credit Card,1687.5,Success,6246a9ef-179f-44ce-8118-692bcf7201b7,GBP,0.86,PayPal,Visa,2557
PM4445,O2249,13-02-2024,Debit Card,424.95,Success,9b9505cf-3db4-4e6d-8808-de8d7b1cea71,GBP,0.58,Stripe,Visa,1864
PM4446,O2465,11-05-2024,Net Banking,729.4,Failed,a3881b87-4ed1-496f-ac85-8fbcd4ea1ffa,USD,1.35,Square,Visa,9924
PM4447,O2173,30-03-2024,PayPal,460.09,Failed,c542706e-995e-45d4-9cef-29e737b55d8e,AUD,1.06,Stripe,Visa,1125
PM4448,O2122,02-07-2024,Net Banking,256.13,Success,de7ae415-9dda-4d67-9f72-9fa6ed9f55cd,USD,0.56,PayPal,MasterCard,1307
PM4449,O2504,19-08-2024,Debit Card,284.43,Success,4f9b83f1-8cf1-4855-b44d-7e1ac049456b,EUR,1.44,Stripe,Visa,3091
PM4450,O2076,02-08-2024,Debit Card,226.25,Success,3588c52c-efb5-4d4b-9bb3-762b4d56c690,EUR,1.14,Stripe,AmEx,9079
PM4451,O2585,18-03-2024,Net Banking,109.1,Failed,db540d65-9e01-484f-a91d-ed64d17de9ce,INR,0.55,PayPal,AmEx,7357
PM4452,O2042,18-06-2024,Net Banking,1085.11,Failed,41bf6ad8-ddb2-44a4-ac9e-ed2620ec40c1,AUD,1.04,Square,MasterCard,6418
PM4453,O2513,12-06-2024,Debit Card,1176.68,Success,4a5dfcfb-ca45-4e9e-9a0e-afb7147a068d,USD,1.49,Stripe,Visa,6641
PM4454,O2573,20-08-2024,Credit Card,1366.46,Success,dd27aaff-03af-4c67-a27d-99c55457fa07,USD,0.89,PayPal,AmEx,8810
PM4455,O2065,25-07-2024,PayPal,816.78,Success,b82fb2f7-773b-4718-be59-6a654266deab,USD,0.63,Stripe,MasterCard,7123
PM4456,O2391,15-03-2024,UPI,463.41,Success,f3e68814-c5d0-403e-99ad-98f94dfed625,GBP,1.22,PayPal,AmEx,9124
PM4457,O2460,01-07-2024,UPI,788.61,Success,3bd322e1-662d-4f53-8809-3e4c7a78c418,AUD,0.53,PayPal,Visa,8214
PM4458,O2524,27-03-2024,Credit Card,1252.09,Failed,9cbfdf9d-a0c2-4282-9cc4-a286a9ad6b47,GBP,0.56,Square,Visa,8017
PM4459,O2403,01-04-2024,Net Banking,1221.88,Failed,f7ff69e4-4454-4001-b6ec-8ae79fd0d450,USD,1,PayPal,Visa,6041
PM4460,O2284,24-07-2024,Debit Card,595.57,Failed,ff77c83f-37bd-4502-b426-ba665effe2f1,GBP,1,PayPal,MasterCard,5638
PM4461,O2125,14-05-2024,Net Banking,1193.26,Failed,1ed16f36-a795-49b2-9765-f55d31748d40,GBP,1.3,Square,MasterCard,3313
PM4462,O2388,27-03-2024,Credit Card,1635.54,Failed,b2548b2c-cc7f-4cc7-81ea-6c1cebe3a3bd,INR,1.16,Square,AmEx,3315
PM4463,O2015,11-11-2024,UPI,228.28,Success,28f393b9-f54e-4276-8c30-e4574181bfc1,GBP,1.16,PayPal,MasterCard,8313
PM4464,O2171,23-01-2024,PayPal,61.5,Failed,39e7fa7b-5f5f-45b5-a652-ed841b191d2d,AUD,0.58,PayPal,AmEx,4126
PM4465,O2309,09-08-2024,UPI,489.03,Success,e8475ee7-d46e-46fd-bae1-01ea422954ac,EUR,1.2,Square,MasterCard,5175
PM4466,O2011,02-06-2024,Debit Card,871.48,Failed,cc2e77aa-6bd6-4e5f-a541-7bdbf6d97d4e,EUR,1.02,PayPal,AmEx,8753
PM4467,O2028,19-11-2024,UPI,1292.59,Success,25af1949-439c-43aa-bd99-6dfc7fdc9e9d,INR,0.51,Square,MasterCard,9540
PM4468,O2202,25-10-2024,PayPal,1832.15,Success,5b87d227-b9e8-4186-a7aa-2877486d27c6,AUD,0.95,Razorpay,Visa,1990
PM4469,O2470,08-05-2024,Debit Card,1299.41,Failed,05d83a0e-aa8f-495d-8371-07cfe157250a,EUR,0.57,Razorpay,Visa,8702
PM4470,O2398,26-05-2024,Debit Card,1951.18,Success,c189da8c-05ee-4504-a36d-117c4750925c,AUD,0.92,PayPal,MasterCard,3318
PM4471,O2167,22-05-2024,PayPal,1013.49,Failed,3ac45e92-7df6-4836-8a56-2529e6ca80e7,USD,0.71,Stripe,AmEx,2415
PM4472,O2009,01-12-2024,Debit Card,544.06,Failed,0a4350e4-4732-4e80-b14e-04ee79585dc4,AUD,1.08,Stripe,Visa,7525
PM4473,O2035,21-04-2024,PayPal,1866.65,Failed,aee07528-200e-468a-822c-5135311958a0,EUR,0.73,Razorpay,AmEx,9117
PM4474,O2069,31-08-2024,Debit Card,435.23,Failed,445fa815-49d0-414b-a340-995fabe78b21,EUR,0.91,Razorpay,AmEx,6708
PM4475,O2152,16-06-2024,Credit Card,708.95,Success,c9de2475-ccc2-4541-82fd-4cd7a3e38d6e,GBP,1.06,Stripe,AmEx,3223
PM4476,O2433,18-03-2024,PayPal,31.54,Failed,23f80439-eda5-466d-8353-4461bb5c04b6,INR,1.38,Square,AmEx,5000
PM4477,O2185,27-10-2024,UPI,1967.46,Failed,5f789b5a-6ad3-4a66-9e60-1e44726c8ab1,GBP,0.6,PayPal,Visa,6825
PM4478,O2165,15-11-2024,Debit Card,825.18,Success,459c9858-ea5c-46e7-aeda-cd01cfbeb4dc,USD,0.72,PayPal,MasterCard,2534
PM4479,O2557,17-02-2024,Net Banking,1943.48,Failed,8baac08f-77e7-4dd3-b8a6-68894ee19c83,AUD,0.56,PayPal,AmEx,9633
PM4480,O2114,12-08-2024,Credit Card,1405.29,Failed,61d5d797-1486-4be7-972e-34a3736d4575,EUR,0.67,Stripe,Visa,9049
PM4481,O2242,23-08-2024,UPI,242.46,Failed,85836f05-f38b-43e8-88e3-eb8ccac6b90e,AUD,0.64,Stripe,MasterCard,7409
PM4482,O2232,10-03-2024,Debit Card,284.23,Success,8ad3563b-e7c2-4896-aec7-38777aa8e6bf,AUD,1.22,Stripe,MasterCard,5956
PM4483,O2575,07-04-2024,PayPal,1735.27,Success,70318c24-8688-4481-a853-f6127b102508,GBP,0.53,PayPal,AmEx,8188
PM4484,O2323,28-04-2024,Net Banking,182.49,Failed,52b42c72-484a-4bdd-970d-e8285fb6aa90,USD,0.86,Square,MasterCard,3307
PM4485,O2190,03-01-2025,Debit Card,1015.18,Success,5cfcd728-9a26-4b5a-927d-29409f19e632,EUR,0.92,Razorpay,AmEx,8861
PM4486,O2471,01-06-2024,Debit Card,1791.5,Success,766c1320-9620-40f4-a1ef-ab91daa32aad,USD,0.54,PayPal,MasterCard,3822
PM4487,O2023,05-02-2024,Net Banking,1093.39,Failed,20f6d1cb-935d-4bfc-ba6e-b2ba27df7e5c,AUD,0.86,Square,Visa,2852
PM4488,O2199,13-12-2024,Debit Card,687.84,Success,1de44771-83b0-42c0-8191-c06a52b3a719,INR,0.82,Stripe,Visa,1333
PM4489,O2185,20-07-2024,Net Banking,210.8,Failed,49121e06-f72b-4380-9484-01b4cad283bd,GBP,1.09,Square,Visa,5283
PM4490,O2398,18-12-2024,PayPal,1164.23,Success,adf31695-d774-4c29-9e30-e4b0794a8421,USD,1.21,Square,AmEx,8640
PM4491,O2478,05-12-2024,UPI,416.37,Success,ee799ad1-0364-4f35-8cba-192fc0888742,GBP,0.75,Square,AmEx,9301
PM4492,O2470,25-06-2024,PayPal,496.5,Success,0d741fc8-5220-4598-ab1f-e13a022186ac,EUR,0.6,Stripe,AmEx,9512
PM4493,O2047,07-01-2025,Debit Card,1133.74,Failed,e55b1e49-0bdf-4c1f-9fdf-e426a1e9b3ed,GBP,0.98,Square,AmEx,8904
PM4494,O2054,22-11-2024,UPI,38.47,Success,9e8c90f8-b0e8-4bdc-9850-bb3698b78a77,GBP,0.91,Razorpay,MasterCard,8940
PM4495,O2302,28-10-2024,Credit Card,1422.99,Success,3df09e26-88c4-469b-a62b-7f8ea4e998c1,INR,1.38,Square,AmEx,4441
PM4496,O2589,15-04-2024,PayPal,1597.36,Failed,d56d0ed2-ec2a-4ba0-81dd-211b2d0cbe52,INR,0.77,Razorpay,Visa,2346
PM4497,O2342,28-07-2024,PayPal,1677.36,Success,a2272a71-1bff-41d4-9130-db2467c27407,INR,0.74,Square,AmEx,4130
PM4498,O2478,04-02-2024,Net Banking,953.01,Failed,23437c3d-0072-4bbd-80d2-59afc9af5ffe,AUD,1.48,Square,MasterCard,6982
PM4499,O2348,25-11-2024,UPI,1807.3,Failed,0effd45a-c032-4f47-8fcf-52b13d2e3cd0,AUD,0.61,Stripe,AmEx,3390
PM4500,O2416,31-07-2024,UPI,433.06,Success,d0b0b134-962a-45cd-91b7-1f63054d1616,INR,1.03,PayPal,Visa,9525
PM4501,O2452,04-10-2024,UPI,1619.22,Success,e298630a-f67a-4bb6-83ec-04e1aa2edc31,EUR,1.1,Razorpay,Visa,3432
PM4502,O2433,19-05-2024,UPI,1476.11,Failed,19323f32-013b-4f26-a3f7-4cbc3bcb414a,AUD,1.07,Razorpay,Visa,2528
PM4503,O2265,14-11-2024,Credit Card,828.45,Success,79fc0246-c897-47c2-b5c6-7d7353d1237b,USD,1.42,Square,AmEx,7111
PM4504,O2149,10-08-2024,PayPal,649.66,Failed,a3eea2f3-571b-4da0-9a04-dbd85aad476a,AUD,0.99,Square,AmEx,2748
PM4505,O2037,17-11-2024,Net Banking,153.12,Failed,792e1cc4-d6d9-4d25-bedf-3208ba0c4a96,INR,1.46,Razorpay,AmEx,2919
PM4506,O2294,10-09-2024,UPI,1531.72,Success,81606301-fe88-4d52-a650-7a4b03ae4575,USD,0.95,Stripe,Visa,2148
PM4507,O2419,09-04-2024,PayPal,700.18,Failed,380fa565-be4c-449c-b3e8-68968df1e02d,INR,0.88,PayPal,Visa,2691
PM4508,O2126,22-05-2024,Credit Card,1121.98,Success,9bbde862-3929-4098-8d73-d8e92174b3a6,GBP,0.77,PayPal,Visa,1605
PM4509,O2192,09-03-2024,Debit Card,350.76,Success,5ec83e89-bbbe-420c-b1f6-247d73182c94,EUR,1.01,PayPal,Visa,9163
PM4510,O2250,05-09-2024,UPI,1179.11,Failed,e43df55c-0123-460e-89d5-7221761d8b28,INR,1.3,Square,AmEx,4134
PM4511,O2243,16-12-2024,Debit Card,89.89,Failed,395aec14-0202-4d6f-b383-6dabc7a4c166,AUD,0.74,Stripe,MasterCard,5187
PM4512,O2582,19-04-2024,Net Banking,1478.01,Failed,199b5ddb-5e4c-4ee6-ac41-9a7b7cd1f7ca,USD,1.27,Stripe,AmEx,4202
PM4513,O2578,28-07-2024,Credit Card,1070.95,Success,7aa559e5-f9ef-4ea6-83c4-4d5807138506,GBP,0.89,Razorpay,AmEx,8358
PM4514,O2291,11-08-2024,Net Banking,593.56,Failed,66f2ae59-1d71-471a-868c-ae32b1131095,USD,1.03,Stripe,AmEx,5823
PM4515,O2052,12-05-2024,Net Banking,360.09,Failed,7e2ba406-14be-434a-8c06-1c396018cfd5,AUD,1.42,Square,Visa,7874
PM4516,O2237,04-11-2024,UPI,884.71,Failed,21e8321a-226a-49f1-96c2-80d46b8b91c7,INR,0.52,Razorpay,Visa,6244
PM4517,O2513,27-02-2024,Debit Card,1173.56,Failed,20942dfb-50a5-4f92-8baf-f43c5225bad2,AUD,0.58,PayPal,Visa,8700
PM4518,O2301,15-04-2024,Credit Card,148.3,Failed,1af0f0d9-0380-4c57-a2f2-2c20b9520702,AUD,1.2,Stripe,MasterCard,1949
PM4519,O2370,06-03-2024,Credit Card,552.06,Success,fd279ef5-39c2-401c-96e1-a9220f35e3df,AUD,1.21,PayPal,Visa,1018
PM4520,O2165,30-01-2024,PayPal,195.13,Success,341dec74-1a44-42fb-9e7a-cf627705b863,USD,0.52,Stripe,AmEx,5942
PM4521,O2494,11-01-2025,PayPal,375.77,Success,5856a84a-f60c-4c5c-a029-864531191206,INR,1.21,PayPal,AmEx,9521
PM4522,O2336,06-12-2024,PayPal,1328.56,Success,80496d45-13c3-4c05-8ebb-077d780101ad,GBP,1.24,Square,AmEx,2201
PM4523,O2570,08-05-2024,Credit Card,1533.36,Failed,70dd6b53-3ea8-4be9-ad1c-8eede96c0074,EUR,1.38,Stripe,Visa,9133
PM4524,O2071,09-04-2024,Net Banking,414.57,Success,a06ae1dc-0331-4713-aeb3-b7a8f22dff90,USD,0.94,Stripe,AmEx,6188
PM4525,O2376,04-07-2024,Credit Card,1869.11,Failed,f756a732-13bf-46b9-a196-778916d0f1ae,USD,1.12,PayPal,Visa,5434
PM4526,O2065,30-08-2024,Net Banking,652.34,Success,ffc18b95-7c77-4f3c-9290-1f6318e29c36,EUR,0.51,Razorpay,Visa,3364
PM4527,O2264,21-12-2024,Debit Card,1120.57,Success,24ff3b48-a1ed-4fac-b3ff-218099e75111,AUD,1.35,Razorpay,AmEx,5119
PM4528,O2486,29-05-2024,PayPal,1453.38,Success,4eba4f18-73f9-4c10-aa3b-6b3fadad5417,AUD,0.9,Razorpay,MasterCard,7877
PM4529,O2547,27-10-2024,PayPal,516.16,Failed,dcecda34-85b9-492d-a2f9-dff105713def,EUR,0.64,Razorpay,MasterCard,5727
PM4530,O2255,17-12-2024,PayPal,115.68,Success,f878d4ed-8fc7-4185-9265-f66cc76c6dc5,INR,0.52,PayPal,AmEx,3162
PM4531,O2290,19-04-2024,Debit Card,267.89,Success,c1f1ed95-f06f-4ba6-a204-a48a50e7f07d,EUR,0.56,Square,Visa,3376
PM4532,O2065,12-04-2024,Credit Card,1746.53,Success,3349819d-7302-4a09-9b71-c9d13da5e136,USD,0.88,PayPal,AmEx,6709
PM4533,O2517,08-03-2024,Credit Card,1502.36,Success,1c14043a-1413-4b1f-ab85-117aede414eb,USD,1.09,Stripe,AmEx,7397
PM4534,O2281,24-06-2024,UPI,1433.13,Failed,a96ac358-e434-4356-87fb-7236e0141ebc,USD,1.29,PayPal,MasterCard,7054
PM4535,O2597,16-01-2024,UPI,1345.22,Failed,a7729536-aa98-4739-b734-9749565ad800,USD,1.43,PayPal,MasterCard,6518
PM4536,O2573,17-08-2024,Net Banking,1802.53,Failed,e565ed48-35cf-4530-8b09-1507e1af283d,INR,1.4,Stripe,MasterCard,7368
PM4537,O2213,27-10-2024,Debit Card,1421.88,Failed,9cf6b36b-ed59-4fe9-bf48-1a6a946a465d,AUD,1.16,Stripe,Visa,4552
PM4538,O2373,10-10-2024,UPI,1709,Failed,40fe8eb5-344f-4b1a-b95d-a3880964db5e,AUD,1.16,PayPal,Visa,2859
PM4539,O2471,11-09-2024,UPI,920.05,Failed,54a2f05f-84e3-4e5c-b7a3-c127c449d155,GBP,1.21,Square,AmEx,3954
PM4540,O2284,10-05-2024,Credit Card,1693.74,Success,9eaba4b3-7a03-48ae-8778-cdeac07ae764,INR,1.26,Razorpay,Visa,7978
PM4541,O2588,18-03-2024,Net Banking,1065.34,Failed,6c038a70-9618-466a-af74-43b1d0113b80,USD,0.53,Stripe,Visa,2542
PM4542,O2440,28-03-2024,Credit Card,1656.49,Success,4e654496-4ace-4592-91e8-06f56b790f38,GBP,1.47,Square,AmEx,9702
PM4543,O2159,24-03-2024,Credit Card,1601.34,Success,a88076c1-93be-49ee-9d91-6f8426fec1cb,INR,0.68,PayPal,MasterCard,8352
PM4544,O2282,13-03-2024,Net Banking,557.73,Success,a3262b9e-9bc8-452d-853d-333cc947511e,EUR,0.57,PayPal,Visa,3371
PM4545,O2401,23-06-2024,PayPal,903.88,Success,ff80697a-17d0-46b6-81c3-a09b8ecec003,EUR,1.48,Razorpay,Visa,2299
PM4546,O2120,30-01-2024,PayPal,1324.15,Failed,a5915739-d882-4eb7-a337-0805fbce64db,INR,1.3,Square,MasterCard,3688
PM4547,O2111,15-05-2024,UPI,1721.35,Failed,909d8228-bf1f-4074-b9ef-6ef1015cf3bf,INR,1.4,Stripe,Visa,1814
PM4548,O2553,04-12-2024,Credit Card,1498.73,Failed,d1849b90-e9a9-4e27-a942-096d5124253a,INR,0.91,Razorpay,AmEx,2501
PM4549,O2467,29-05-2024,PayPal,1527.63,Success,2b81be03-2584-4f5b-8303-bf82e8809f66,AUD,1.48,Square,Visa,2417
PM4550,O2242,04-02-2024,UPI,244.8,Failed,4adfb6f2-8a02-4d30-887f-f2304d03cca3,GBP,0.85,Square,MasterCard,4196
PM4551,O2090,19-02-2024,Credit Card,328.62,Failed,3e5be839-4700-4741-8a51-da6122092b76,INR,1.34,Stripe,MasterCard,1263
PM4552,O2032,24-05-2024,Credit Card,799.44,Failed,4c52b1e0-eb0a-473f-8ddb-82f5ddda4214,AUD,0.74,Stripe,AmEx,7517
PM4553,O2387,29-06-2024,Debit Card,1969.75,Success,1a15f642-8aa4-46a3-875b-1b9faab69c6a,AUD,1.07,Square,MasterCard,5059
PM4554,O2203,08-02-2024,Net Banking,1056.91,Failed,f6d5e37d-e7db-4f08-bb2e-485da74e235c,GBP,0.95,Razorpay,AmEx,1835
PM4555,O2541,17-04-2024,PayPal,1750.61,Success,73d0686f-1060-4b9d-8f2d-ef0179f3567f,EUR,1.26,Razorpay,Visa,4027
PM4556,O2227,04-02-2024,Debit Card,345.21,Failed,94297b6c-41be-4eae-a96e-e461db7312d2,AUD,0.96,PayPal,Visa,5789
PM4557,O2271,27-06-2024,Credit Card,952.63,Failed,15887163-ccaf-4db5-9ec3-4b33d1bd5164,GBP,0.86,Stripe,MasterCard,1306
PM4558,O2149,19-07-2024,Credit Card,1915.92,Success,8642f8f5-cbf3-49d4-837c-b175b759be95,EUR,1.46,Stripe,MasterCard,5549
PM4559,O2277,29-10-2024,Credit Card,1448.72,Failed,5325eeae-52a5-4696-950e-8554d3d7d0a7,USD,0.65,Square,AmEx,5289
PM4560,O2060,13-10-2024,Debit Card,1874,Success,431b1153-7949-46c4-a82d-203f14d465ba,GBP,0.91,Square,AmEx,4319
PM4561,O2486,19-12-2024,PayPal,50.54,Failed,0132cc23-1d14-4bd5-9a9d-323b0a75f0c0,GBP,1.24,PayPal,MasterCard,8939
PM4562,O2236,01-10-2024,UPI,1400.47,Failed,4ada68b8-143b-487f-bd9f-e9ce221b7ae3,USD,1.23,Square,AmEx,2651
PM4563,O2308,07-03-2024,Credit Card,260.89,Failed,a0d6a0bb-222e-40c2-8359-6f0eb04829d2,USD,0.55,PayPal,AmEx,5876
PM4564,O2282,02-03-2024,Debit Card,333.62,Success,b6599b3c-9a66-44ea-b65b-26eab8ac88ec,AUD,0.65,PayPal,MasterCard,2276
PM4565,O2290,05-05-2024,PayPal,1022.55,Failed,5ce06d59-4195-46a7-b4f2-206ac198880b,GBP,0.56,Razorpay,Visa,2150
PM4566,O2557,02-03-2024,UPI,1080.35,Success,bfeae846-622a-4f4e-9745-73e0762b5254,USD,1.45,Razorpay,AmEx,3111
PM4567,O2023,25-06-2024,PayPal,1426.92,Success,71c128db-7650-4545-a367-9bc7a66d6276,USD,0.89,PayPal,MasterCard,8853
PM4568,O2569,14-08-2024,Net Banking,788.84,Failed,f1fd6611-a663-4d58-9492-0b6284643c72,EUR,0.52,PayPal,AmEx,9899
PM4569,O2413,07-02-2024,Net Banking,982.93,Success,6d5d3b34-aff4-4c5a-8813-6a2d0bf0beca,EUR,1.49,Razorpay,Visa,4946
PM4570,O2525,14-08-2024,Debit Card,362.98,Failed,1821aaef-9760-4a4a-a28c-9682ade1de12,INR,0.65,Razorpay,Visa,8607
PM4571,O2301,16-06-2024,Debit Card,826.24,Success,cbf9186d-e54e-4419-882d-dfdc53cebcb5,USD,1.33,Square,AmEx,5709
PM4572,O2340,14-05-2024,UPI,773.73,Failed,3210c281-925e-4239-b092-d6f9944c0f92,USD,0.95,Stripe,MasterCard,6153
PM4573,O2295,13-01-2025,Net Banking,225.4,Success,c50704d7-197e-4f55-b66d-590070457403,EUR,0.99,Square,Visa,7525
PM4574,O2393,18-08-2024,Debit Card,240.2,Failed,24a2ca37-f0b2-43f3-a2cf-400956ef6b19,USD,0.88,Square,MasterCard,4642
PM4575,O2245,21-09-2024,Debit Card,1116.78,Failed,d1f6bc5c-9213-48fb-800e-c2d124816501,EUR,0.67,Razorpay,AmEx,6601
PM4576,O2349,07-08-2024,Debit Card,1195.45,Failed,097c4f31-3eb4-4554-88bd-ceaae953d7ae,EUR,1.02,PayPal,Visa,8610
PM4577,O2230,18-11-2024,Net Banking,1995.41,Success,e5f47440-0e7d-42da-a539-bcf986917612,INR,0.69,PayPal,MasterCard,8888
PM4578,O2587,06-04-2024,UPI,1304.61,Success,b54c64a7-f6f1-4aff-a93b-99c302934062,AUD,1.22,PayPal,AmEx,9448
PM4579,O2110,13-04-2024,Credit Card,743.13,Success,0f0813d9-d330-4c89-9027-832f55e88822,USD,1.29,Stripe,AmEx,2794
PM4580,O2307,23-11-2024,Net Banking,138.62,Failed,4f1c8b44-1a72-410d-b557-7c6dc698f5ca,USD,1.35,PayPal,Visa,4996
PM4581,O2565,01-07-2024,UPI,1421.3,Failed,d6bac2ea-caed-497d-9ec4-27a9587be0ef,AUD,0.78,Square,MasterCard,1621
PM4582,O2418,12-04-2024,UPI,960.54,Failed,5ba21abf-9dc7-434a-91fb-f507e6f32488,GBP,0.53,Stripe,Visa,2788
PM4583,O2186,10-09-2024,PayPal,53.55,Failed,9f605d9a-a0dd-41b4-805e-3b582132a15d,AUD,0.84,Stripe,AmEx,4176
PM4584,O2322,25-08-2024,PayPal,360.15,Success,d9a7cb83-378f-486c-841d-d4698898eee6,EUR,1.34,Stripe,Visa,5130
PM4585,O2386,11-11-2024,UPI,1081.08,Failed,581e010a-32c0-4987-bf4c-64a8be81bca6,INR,1.35,PayPal,Visa,1703
PM4586,O2480,23-12-2024,PayPal,788.7,Success,694ef4b3-361d-468d-a338-64e5c08e664f,USD,1.47,Stripe,AmEx,2507
PM4587,O2069,22-02-2024,Net Banking,900.14,Success,d66067d7-c784-4d93-9542-36e096963cc3,USD,0.93,Stripe,AmEx,5092
PM4588,O2439,04-10-2024,UPI,1581.11,Failed,6db091bd-5b43-4b0a-b51d-0a780b1c17f4,EUR,1.05,Razorpay,Visa,7581
PM4589,O2515,08-04-2024,Credit Card,454.12,Failed,a4e97224-4c00-43ec-aaa4-d1bd094bf942,INR,1.37,Square,AmEx,2364
PM4590,O2334,13-02-2024,Debit Card,754.99,Failed,de282f69-b30a-4be3-8eff-90c39ba9c9fd,EUR,1.4,Razorpay,Visa,5706
PM4591,O2531,01-06-2024,UPI,397.28,Failed,5c2381fc-d87a-4ea4-ae08-20994e0a06fc,USD,1.11,PayPal,Visa,2613
PM4592,O2063,22-12-2024,Net Banking,1606.38,Success,4134a8ce-ebe7-4d27-b807-7a3999637ff3,GBP,0.97,Stripe,MasterCard,9403
PM4593,O2323,23-03-2024,Debit Card,1468.01,Success,fd29a9c1-6bf8-4e2a-82c1-fe53797d87d8,INR,1.12,PayPal,AmEx,9353
PM4594,O2578,26-09-2024,Debit Card,570.53,Success,82bf29b0-dd16-495b-8d7e-e9c5edd9b84b,EUR,1.39,Razorpay,MasterCard,8556
PM4595,O2374,11-03-2024,Debit Card,67.36,Success,07f2d90b-d196-4ebb-a414-b52d7a224dab,USD,1.28,PayPal,MasterCard,5872
PM4596,O2131,03-12-2024,Net Banking,1725.1,Failed,e57d332c-29cd-4321-828a-2a10f3445d51,GBP,0.91,Razorpay,AmEx,5197
PM4597,O2517,22-06-2024,UPI,914.27,Failed,0be73ba2-74df-4b4d-be31-6a8f0d8678ec,INR,0.71,Square,MasterCard,1565
PM4598,O2016,30-10-2024,Credit Card,50.73,Success,d3ab7f87-377f-4ade-93ce-2cd7102439de,GBP,1.34,Stripe,MasterCard,6338
PM4599,O2120,08-03-2024,PayPal,1085.55,Failed,5097fda4-b180-4e4e-9cdf-749dda084539,AUD,1.44,Square,MasterCard,9140
